id,domain,status,purchase_price,renewal_price,attractiveness,demand,length,registrar,created_at,expires_at,status_verified_at
f6324d46-2128-430b-8469-215e1f4c43a6,bead.football,available,20.9,20.9,high,low,4,spaceship,,,29/09/2026 01:38
51286be3-08f1-4b43-ae36-a865e759e56c,magnate.football,available,25.99,25.99,high,low,7,namesilo,,,23/09/2026 14:16
3d6111b1-7355-41a4-a17b-276f2d84dde5,rapporteur.football,available,20.9,20.9,high,low,10,spaceship,,,29/09/2026 20:07
664b8761-9d34-4042-b35a-d3849cfc844e,uncut.football,available,25.99,25.99,high,low,5,namesilo,,,12/09/2026 06:52
8cb2a51b-785f-4de9-8333-d3d89ee30991,assisted.football,available,20.9,20.9,high,low,8,spaceship,,,28/09/2026 23:42
cc262828-94b8-4f51-9818-a7509934ea2b,drops.football,available,25.99,25.99,medium,low,5,namesilo,,,18/09/2026 04:47
045b2f06-3541-491d-9606-ded09d75eea0,rectal.football,available,19.99,37.99,medium,low,6,name.com,,,09/09/2026 11:51
7658528c-be6a-46c7-817e-8e5dda6ab10a,antoninus.football,available,25.99,25.99,medium,low,9,namesilo,,,19/09/2026 15:34
f05e2eca-421a-4630-8d20-d917d5f51a45,xlvii.football,available,19.99,37.99,medium,low,5,name.com,,,
d9c769f3-987c-48f6-a91d-01e1398c0ad7,slots.football,available,26.98,36.98,high,low,5,namecheap,,,20/09/2026 10:58
d279ccb4-f513-47ff-bc52-320477e4adc2,sabin.football,available,26.98,36.98,medium,low,5,namecheap,,,18/09/2026 02:37
df74731c-eaf0-4b97-9d45-d2d67e9e91eb,indistinct.football,available,19.99,37.99,medium,low,10,name.com,,,22/08/2026 03:14
a0336d2b-cb6a-49ae-8d89-d440ef94b4dc,intricate.football,available,26.98,36.98,high,low,9,namecheap,,,25/09/2026 10:49
0c5ea86d-8cb8-4c12-8bcd-f3561d30afb1,blessings.football,available,10.81,21.11,medium,low,9,porkbun,,,28/09/2026 17:50
6de885ca-2054-4626-8f54-3dd017586deb,bahraini.football,available,19.99,37.99,medium,low,8,name.com,,,08/08/2026 08:36
2f93007a-1016-42df-8e1a-77b671b3df3a,inflexible.football,available,19.99,37.99,medium,low,10,name.com,,,22/08/2026 04:32
ceb33d6a-5916-482c-b487-7054df59f289,paranoia.football,available,20.9,20.9,high,low,8,spaceship,,,29/09/2026 19:54
e1fdac84-2766-42fc-b468-4491d362a12c,request.football,available,20.2,20.2,high,low,7,cloudflare,,,28/09/2026 22:34
bba54861-cf29-464d-bae7-829315bfde8b,rochdale.football,available,20.9,20.9,medium,low,8,spaceship,,,29/09/2026 09:50
71936d48-3770-4f05-b4ad-ca56d5920ea8,zach.football,available,25.99,25.99,high,medium,4,namesilo,,,28/09/2026 04:11
1fe3b7eb-ec00-47b6-a64b-6d4701fb7bc0,miri.football,available,25.99,25.99,high,low,4,namesilo,,,16/09/2026 16:35
c9c11214-94a8-4aec-a719-32bcd81f6372,aper.football,available,25.99,25.99,medium,low,4,namesilo,,,19/09/2026 16:29
11917f7f-d151-483d-9167-fdd554d13e29,music.football,premium,108.9,108.9,high,medium,5,dynadot,,,28/09/2026 07:33
3bd0f46b-3b60-458e-9a64-fc5a8b1f7440,painfully.football,available,25.99,25.99,medium,low,9,namesilo,,,14/09/2026 13:22
96b6cfc2-28b7-4ab5-8e15-3b8df2fec4f0,beadwork.football,available,26.98,36.98,high,low,8,namecheap,,,22/09/2026 19:29
65070b9e-bce6-4e1f-bcba-a3dcb324c2a0,chute.football,available,10.92,21.62,medium,low,5,dynadot,,,01/10/2026 01:21
45aaf0d3-114d-48e2-890b-103acacdd24d,beacon.football,available,26.98,36.98,high,medium,6,namecheap,,,22/09/2026 19:12
43182dc2-12ec-4bc0-9d00-a66c140cec62,agni.football,available,25.99,25.99,medium,low,4,namesilo,,,17/09/2026 18:43
46e3a63c-58f5-4cc7-8e11-16276d826bfd,balk.football,available,19.99,37.99,medium,low,4,name.com,,,14/08/2026 04:55
aeb842e3-c745-43af-9c11-d876681d976e,ornate.football,available,26.98,36.98,high,low,6,namecheap,,,04/09/2026 17:59
190658af-cb5f-455e-850e-05f9c3029929,bandleader.football,available,25.99,25.99,high,low,10,namesilo,,,22/09/2026 01:25
df52b7ae-ac16-4ddc-8e32-fcc46e8556dc,party.football,available,25.99,25.99,high,medium,5,namesilo,,,19/09/2026 09:39
d7387f11-6c83-4c9e-a015-e858cc606c3e,assets.football,available,25.99,25.99,high,low,6,namesilo,,,20/09/2026 16:21
fcfc38e3-a8e7-4899-9bc2-cb56241359b9,drawer.football,available,26.98,36.98,high,low,6,namecheap,,,24/09/2026 23:56
16f45913-87d7-486c-9730-ae96f6a37169,hackensack.football,available,20.9,20.9,medium,low,10,spaceship,,,30/09/2026 05:39
6aa4730f-7401-4452-9c2d-1df6adb6d2cf,aurelius.football,available,26.98,36.98,medium,low,8,namecheap,,,19/09/2026 15:35
fd4e5284-b2e2-48df-bdea-81b14b097f31,activator.football,available,25.99,25.99,high,low,9,namesilo,,,17/09/2026 05:10
30abc3d0-d575-4da9-b0b8-009ed55061b8,schools.football,premium,102.67,102.67,high,low,7,spaceship,,,28/09/2026 08:54
39b30ee0-a718-4903-ba6f-834cb9e5daf0,sunstone.football,available,25.99,25.99,high,low,8,namesilo,,,21/09/2026 09:07
66c2bb67-6104-49e5-8f2b-ca25c2ccae99,stroll.football,available,25.99,25.99,high,low,6,namesilo,,,18/09/2026 16:59
aa0125b1-18f2-488a-8c6b-89b372320bdf,hellas.football,available,20.2,20.2,high,low,6,cloudflare,,,01/10/2026 23:43
05402334-7437-48e2-911b-f9700d9973c8,mutually.football,available,25.99,25.99,medium,low,8,namesilo,,,15/09/2026 15:56
df12366a-7185-457e-b8f6-2589eef78f49,broached.football,available,19.99,37.99,medium,low,8,name.com,,,
8283e0af-072f-4919-ae77-854ba84494ed,rhodium.football,available,25.99,25.99,medium,low,7,namesilo,,,20/09/2026 23:08
0ee0ebd9-dbdd-4f97-ae97-976e7b31a036,greetings.football,available,20.9,20.9,high,low,9,spaceship,,,01/10/2026 18:03
e9fb9a3b-4a86-4683-b739-088a8a5c01e3,seize.football,available,26.98,36.98,high,low,5,namecheap,,,23/09/2026 20:08
42aed187-7876-4917-977d-49d357cbdfd2,testimony.football,available,25.99,25.99,high,low,9,namesilo,,,28/09/2026 02:23
04eeb507-024c-466b-8da3-53506c6bc35a,apples.football,available,26.98,36.98,high,low,6,namecheap,,,18/09/2026 14:01
7d4ae4ce-78de-459b-8189-f661f6b661be,holotype.football,available,25.99,25.99,high,low,8,namesilo,,,25/09/2026 23:08
da320a16-3bbc-4b23-b3cb-b865d1862726,amnion.football,available,25.99,25.99,medium,low,6,namesilo,,,18/09/2026 22:24
d048d407-7ebf-4acd-bc11-63e2622664ba,bannock.football,available,26.98,36.98,medium,low,7,namecheap,,,22/09/2026 02:55
14b73867-5757-48a0-a3af-586938be4a2b,aris.football,available,25.99,25.99,high,low,4,namesilo,,,30/09/2026 03:35
f9c42f87-fd48-4080-8bc2-dc14b2f270b9,yuri.football,available,25.99,25.99,high,low,4,namesilo,,,28/09/2026 07:44
fd88ffd1-4b99-4131-ad44-f16459ff63b4,anergy.football,available,26.98,36.98,medium,low,6,namecheap,,,19/09/2026 05:29
27658620-fd01-4243-a1e1-644b4216168f,bookmark.football,available,25.99,25.99,high,low,8,namesilo,,,24/09/2026 07:12
8125b3da-3a07-4d9c-8577-010fc4755934,whalebone.football,available,25.99,25.99,medium,low,9,namesilo,,,21/09/2026 21:50
fc3debe7-d002-4ecc-85e2-4377048d01c3,smokeless.football,available,25.99,25.99,high,low,9,namesilo,,,10/09/2026 11:57
723eabce-a306-4636-8029-4df573c614ea,clemens.football,available,25.99,25.99,high,low,7,namesilo,,,27/09/2026 12:32
1ecfdd05-206b-4a98-894b-43f134156287,protrude.football,available,25.99,25.99,high,low,8,namesilo,,,08/09/2026 23:44
1e9b18ef-9378-4c5c-af65-c91e9306481f,flaxen.football,available,19.99,37.99,medium,low,6,name.com,,,18/08/2026 07:23
eaccb18f-ad22-4c59-b2cb-c4c33aa78f40,bifurcate.football,available,19.99,37.99,high,low,9,name.com,,,09/08/2026 20:08
e74c65f4-928b-4a94-8c03-92419f0a334a,bugbane.football,available,26.98,36.98,medium,low,7,namecheap,,,18/09/2026 20:09
0a708f50-e96a-465a-9b53-94aff7d1905e,archerfish.football,available,25.99,25.99,medium,low,10,namesilo,,,20/09/2026 01:56
f70d6eed-2aa1-4fef-8bbb-932a6f8640ce,mari.football,available,20.9,20.9,high,low,4,spaceship,,,28/09/2026 01:39
5a406035-e703-4e35-b61c-ef00061a2fb1,leukaemia.football,available,25.99,25.99,medium,low,9,namesilo,,,24/09/2026 11:59
53ba08e3-5c1c-4f57-9e35-93306d125ed2,cinematic.football,available,19.99,37.99,high,low,9,name.com,,,12/08/2026 08:13
52557321-d2e7-4927-9dc3-438b8018fab1,selenium.football,available,25.99,25.99,medium,low,8,namesilo,,,20/09/2026 22:53
d86167b8-a00b-4665-afdf-184bc4abb13b,lascivious.football,available,19.99,37.99,medium,low,10,name.com,,,22/08/2026 20:04
9963d206-edee-432f-8933-90e14a85da80,hannibal.football,available,25.99,25.99,high,low,8,namesilo,,,27/09/2026 04:24
23beca15-1160-4535-ad2c-fd213f6808fe,smoother.football,available,25.99,25.99,medium,low,8,namesilo,,,02/10/2026 04:38
37229e7c-e158-407f-afa2-56f35315a3bd,marital.football,available,19.99,37.99,high,low,7,name.com,,,24/08/2026 15:56
77a223f7-06f3-4164-9e09-a332bd167cc7,backbone.football,available,25.99,25.99,high,low,9,namesilo,,,21/09/2026 15:14
d4e697bc-55f2-4ef7-bde5-0d12957fd212,connors.football,available,25.99,25.99,medium,low,7,namesilo,,,29/09/2026 06:24
541efa5e-46f0-4dec-964d-897020150a62,hildebrand.football,available,20.2,20.2,medium,low,10,cloudflare,,,30/09/2026 01:47
b490135f-0d3d-4504-8bdc-3ef8b686bca9,somalian.football,available,25.99,25.99,medium,low,8,namesilo,,,10/09/2026 13:56
df58aaa0-0e19-42d6-814c-f1f683b3be8c,medial.football,available,19.99,37.99,high,low,6,name.com,,,24/08/2026 18:51
19d5ed2d-d430-490b-9a73-361293a7de16,successors.football,available,25.99,25.99,medium,low,10,namesilo,,,20/09/2026 05:21
879766c1-a7e0-4690-9edc-f07098562b33,hinault.football,available,25.99,25.99,medium,low,7,namesilo,,,23/09/2026 09:48
1a47316c-ec3e-4820-a481-7f8de58ab1ac,firebird.football,available,25.99,25.99,high,low,8,namesilo,,,22/09/2026 00:21
fd9f50a2-9afb-4f04-9885-8f83117b87d1,ajuga.football,available,26.98,36.98,medium,low,5,namecheap,,,17/09/2026 23:42
2d4db07a-3b1e-4774-9989-f0ced9f2f0ab,uppish.football,available,19.99,37.99,low,low,6,name.com,,,09/08/2026 20:46
f33e3a06-3622-46bb-a135-b6cb76b28a7a,aborigine.football,available,19.99,37.99,medium,low,9,name.com,,,
ad62af1e-147f-43a6-9211-d3573e3c3788,computing.football,available,25.99,25.99,high,low,9,namesilo,,,19/09/2026 12:12
d6f97fa2-9509-4e06-95b7-089812256569,deictic.football,available,19.99,37.99,medium,low,7,name.com,,,14/08/2026 00:12
dee694cd-f72e-4a7e-8dff-65a427fc5e3a,quavering.football,available,25.99,25.99,medium,low,9,namesilo,,,09/09/2026 07:44
d6285b9e-6592-4c93-8e69-9baca2f4407c,bae.football,available,25.99,25.99,high,low,3,namesilo,,,02/10/2026 04:02
82066890-174f-4339-a5bd-cf5454daf10f,veterinarian.football,available,10.92,21.62,high,low,12,dynadot,,,01/10/2026 04:51
f84ba68d-13d1-451d-9e94-a158d4377c0a,numbers.football,available,25.99,25.99,high,low,7,namesilo,,,29/09/2026 03:35
f4f5f007-5c46-49ef-98d7-5a9302f5f2f4,milfoil.football,available,25.99,25.99,medium,low,7,namesilo,,,17/09/2026 00:37
c1f64f9a-8b59-4b55-aea7-bb5b8e31b7c9,joshua.football,available,25.99,25.99,high,low,6,namesilo,,,24/09/2026 06:58
43a3cfb5-1672-4d1d-a685-eb7dccf97410,menopausal.football,available,19.99,37.99,medium,low,10,name.com,,,24/08/2026 20:15
b91842ec-c756-4492-b1ee-00902199ac8b,noun.football,available,20.9,20.9,high,low,4,spaceship,,,29/09/2026 19:50
d6e90fe8-120c-4ff1-a258-b9402fc57911,fiona.football,available,10.81,21.11,high,low,5,porkbun,,,28/09/2026 03:47
cb85baf2-4f7f-48e2-89ea-34882d0fc631,bagnio.football,available,26.98,36.98,medium,low,6,namecheap,,,21/09/2026 18:19
ae469a9a-7ccf-4139-8863-824ac789d3b4,ships.football,available,25.99,25.99,medium,low,5,namesilo,,,18/09/2026 14:07
6938a28c-164e-4d93-aeaf-1d0dc3c7537b,steerable.football,available,19.99,37.99,medium,low,9,name.com,,,14/08/2026 09:00
a16ac2ee-401a-4d4f-9e02-a0ef7b41ee7b,language.football,available,25.99,25.99,high,low,8,namesilo,,,25/09/2026 15:54
668ab2c4-0ee9-42b5-b297-492e9bd316bd,vertigo.football,available,25.99,25.99,high,low,7,namesilo,,,01/10/2026 01:46
68c96bd6-c9ad-421b-ae1b-21d55a575fd7,executions.football,available,25.99,25.99,medium,low,10,namesilo,,,30/09/2026 07:47
06298805-b4a0-442c-9a1e-821b58a6840b,che.football,available,20.9,20.9,high,low,3,spaceship,,,29/09/2026 02:51
3414b00e-9014-4b54-bef4-1fbad5618c6a,tenant.football,available,20.9,20.9,high,low,6,spaceship,,,28/09/2026 20:19
90fa532d-2d1c-4d52-ab63-5e686f815e68,mesmerised.football,available,19.99,37.99,medium,low,10,name.com,,,17/08/2026 22:52
13535824-5a8f-45f6-bfaa-3806251040e6,familial.football,available,19.99,37.99,high,low,8,name.com,,,17/08/2026 21:41
3926f4fb-05ad-4b90-a219-6cc548df791e,epochs.football,available,20.9,20.9,low,low,6,spaceship,,,30/09/2026 15:49
72680aa6-813a-420c-8d9e-efb93153db09,invoked.football,available,20.2,20.2,medium,low,7,cloudflare,,,02/10/2026 03:36
3d9253a3-c2eb-47b1-9ab4-cf0f989493a0,ost.football,available,20.9,20.9,high,low,3,spaceship,,,29/09/2026 03:13
b8e1d17f-1875-429b-a85b-36900c06c008,frothy.football,available,19.99,37.99,medium,low,6,name.com,,,11/08/2026 07:22
3431e962-ebee-4a0e-99e1-e24b7bbb98b8,refreshment.football,available,25.99,25.99,high,low,11,namesilo,,,19/09/2026 14:11
05c8ac55-0977-4dde-930d-3640831f36d7,alfatah.football,available,25.99,25.99,medium,low,8,namesilo,,,18/09/2026 00:22
282ea1bd-fa77-4aa6-b5d9-a898ee0f4f22,sulfurized.football,available,19.99,37.99,medium,low,10,name.com,,,11/09/2026 01:25
ba3c8901-cf63-4a2c-b99e-03322fc01ce3,curvaceous.football,available,19.99,37.99,medium,low,10,name.com,,,10/08/2026 20:30
93033160-c38d-47a6-9398-cfc1d48a47de,neem.football,available,25.99,25.99,high,low,4,namesilo,,,20/09/2026 05:40
22cab38d-79da-477c-9a3e-00ebad2bfff4,fuddled.football,available,19.99,37.99,low,low,7,name.com,,,09/08/2026 15:36
b56bc237-fe46-431c-8a92-44bababf373f,donations.football,available,25.99,25.99,high,low,9,namesilo,,,29/09/2026 17:05
2e0efac4-228a-4c92-99a0-91ff35d2fe0d,paired.football,available,19.99,37.99,high,low,6,name.com,,,04/09/2026 23:11
9f49cd4e-3bab-4afc-bf8e-1ab63886de81,outbred.football,available,26.98,36.98,medium,low,7,namecheap,,,04/09/2026 19:03
29f13a01-6d6e-405a-980e-e25ef64e49aa,ancestral.football,available,19.99,37.99,high,low,9,name.com,,,
effdf959-8335-4392-91cb-db0e3680e964,energies.football,available,20.9,20.9,high,low,8,spaceship,,,30/09/2026 06:48
618393f2-85eb-40ab-8f98-92d9eb7a7edb,whimsy.football,available,25.99,25.99,high,low,6,namesilo,,,20/09/2026 00:42
5e9cab45-c491-4771-988f-35a744c45e19,giant.football,available,25.99,25.99,high,low,5,namesilo,,,24/09/2026 13:50
6582990e-6b48-4708-b47e-17b5f5337e8d,jug.football,available,20.9,20.9,high,low,3,spaceship,,,29/09/2026 12:28
e04aa7a4-04fb-4636-b212-994502b2e05d,procession.football,available,20.2,20.2,high,low,10,cloudflare,,,29/09/2026 06:59
33c6f79d-5ab9-423b-9878-bb7849e9b5ea,freudian.football,available,19.99,37.99,medium,low,8,name.com,,,18/08/2026 15:26
3c088a60-7063-4e6f-bd2c-5c4ae0910348,bamboo.football,available,25.99,25.99,high,medium,6,namesilo,,,22/09/2026 00:40
21d8eb87-7c95-480b-8046-fb621763ddd1,assemblages.football,available,25.99,25.99,low,low,11,namesilo,,,29/09/2026 05:48
937ce4a6-f273-4616-b408-b3ac800be065,wineberry.football,available,25.99,25.99,medium,low,9,namesilo,,,20/09/2026 05:57
28ca4d65-5d03-4310-a559-cbeb1e11c01d,strait.football,available,25.99,25.99,medium,low,6,namesilo,,,10/09/2026 21:53
de7098a0-c21c-4f0f-84a9-5b44cfd73c5a,roscommon.football,available,20.9,20.9,medium,low,9,spaceship,,,01/10/2026 12:14
4130e83b-f2e5-4151-8ecd-2da9d9139b64,occluded.football,available,25.99,25.99,medium,low,8,namesilo,,,04/09/2026 00:12
cf4ff7fc-c972-4d88-b5f6-393639bf1372,fossilized.football,available,19.99,37.99,medium,low,10,name.com,,,18/08/2026 13:12
87945160-cde2-43c9-84f8-4ca5190e88e7,hindu.football,premium,118.8,118.8,high,low,5,namesilo,,,21/08/2026 09:30
37ab56a9-7d36-4192-8d59-ad9ea1df5ab5,chronological.football,available,26.98,36.98,medium,low,13,namecheap,,,01/10/2026 04:53
9260e1cb-c5ed-4bd3-91fc-933857721608,elmo.football,available,20.9,20.9,high,low,4,spaceship,,,30/09/2026 05:11
5a142e36-f833-4321-bfa1-a9e83b9f5c8b,volleyball.football,available,26.98,36.98,high,low,10,namecheap,,,30/09/2026 14:37
6eb4e82a-2852-4a05-a180-cb7b8cc7e98c,woodbine.football,available,26.98,36.98,medium,low,8,namecheap,,,18/09/2026 20:11
217bff5f-862b-40d0-89a1-fc0bf99932f7,bistre.football,available,25.99,25.99,medium,low,6,namesilo,,,23/09/2026 22:12
01346ce9-1c5f-4e83-867e-e162577b853a,bangs.football,available,25.99,25.99,medium,low,5,namesilo,,,16/09/2026 16:40
aa40255c-31bc-4301-8a54-53f66b87b36b,ger.football,available,20.9,20.9,high,low,3,spaceship,,,01/10/2026 22:45
987c5946-d139-49b2-ac2a-aef32a598039,chekhov.football,available,25.99,25.99,medium,low,7,namesilo,,,19/09/2026 15:27
d188e8b5-eeb0-462d-b480-35b90db0aa1d,moldavia.football,available,20.9,20.9,medium,low,8,spaceship,,,29/09/2026 13:27
73bbe19f-3c99-4076-bba1-a31e1f7d88b4,peacefully.football,available,19.99,37.99,high,low,10,name.com,,,15/09/2026 19:23
d61e5755-dc8b-4caf-bfa1-2253d6d54f38,palms.football,available,20.9,20.9,high,low,5,spaceship,,,28/09/2026 18:00
5159b1ef-e9ea-499d-8034-12bf262777dc,prettier.football,available,25.99,25.99,medium,low,8,namesilo,,,18/09/2026 11:09
b3c08f5b-03bd-45b5-841c-9ca073f573af,easy.football,resell,,,high,high,4,"Sav.com, LLC - 42",16/06/2026 15:16,16/06/2027 15:16,30/09/2026 13:39
f706cafe-5e83-4d14-990d-248dd39c17af,animating.football,available,26.98,36.98,high,low,9,namecheap,,,29/09/2026 05:09
9d28a0f5-d88a-4951-aec6-3170293f4600,vulgar.football,available,19.99,37.99,high,low,6,name.com,,,14/08/2026 22:44
66933dc4-7e79-4567-97f3-8a473b4f7df1,sunroof.football,available,20.9,20.9,high,low,7,spaceship,,,30/09/2026 12:27
1acab5a0-ef3c-42b5-8ac8-b7b461784357,terrorists.football,available,25.99,25.99,low,low,10,namesilo,,,27/09/2026 03:16
1a2d5674-13c4-422a-b4ed-8896eb62bacf,ahn.football,available,20.9,20.9,medium,low,3,spaceship,,,30/09/2026 20:22
3aed1dc4-af3f-43c6-b9b7-b5cc4bb2c928,statistical.football,available,20.9,20.9,high,low,11,spaceship,,,29/09/2026 14:29
7b018314-7ce8-49a0-a4e5-004ebff3285e,glasshouse.football,available,19.99,37.99,high,low,10,name.com,,,20/08/2026 19:52
8b8f3909-dcb1-42c2-ba20-fa2fabb4567b,powered.football,available,25.99,25.99,high,low,7,namesilo,,,27/09/2026 04:51
d279ee8f-bbe0-4f1c-a1cf-7abfad5cfac2,assistive.football,available,19.99,37.99,medium,low,9,name.com,,,07/08/2026 06:40
cfe393ae-37a1-46ee-b17b-1b8b24f8f7b2,midwest.football,premium,102.67,102.67,high,low,7,spaceship,,,29/09/2026 07:37
9e71b597-72c9-4450-8f7e-30d48c5989b5,sensed.football,available,25.99,25.99,high,low,6,namesilo,,,08/09/2026 16:07
ba9f7bf3-1575-4c43-8635-e186be11282c,jessica.football,available,26.98,36.98,high,low,7,namecheap,,,25/09/2026 18:08
8af2f9a5-c912-4107-820d-2d197ba79e9c,helsinki.football,available,20.9,20.9,high,low,8,spaceship,,,30/09/2026 16:35
bfe19b13-e6b0-410b-b15b-a34b65f7269b,algonkin.football,available,19.99,37.99,medium,low,8,name.com,,,
c8e61ba7-1076-418d-b97f-ae38e8cf24f4,goldie.football,available,20.2,20.2,high,low,6,cloudflare,,,01/10/2026 06:46
f613c9f0-7627-4eaa-89a6-1c49d5b64877,taoist.football,available,19.99,37.99,high,low,6,name.com,,,11/09/2026 08:11
af1b055e-5602-4389-be63-ca2541b9e701,disconnect.football,available,26.98,36.98,high,low,10,namecheap,,,29/09/2026 15:30
0878e5e7-6005-410d-ae28-8b6f83174d88,postnatal.football,available,25.99,25.99,medium,low,9,namesilo,,,09/09/2026 00:35
688c3697-7384-4800-b5ab-ca9a9ffe82e5,startling.football,available,26.98,36.98,medium,low,9,namecheap,,,10/09/2026 19:02
44f642a9-8933-47b9-b46c-d2af0a3a74ee,acinic.football,available,19.99,37.99,medium,low,6,name.com,,,
39fc8544-d2df-4488-8b1b-9ac545528ab4,because.football,available,26.98,36.98,high,low,7,namecheap,,,30/09/2026 21:38
76c0c533-a0f2-4da5-b172-5326607f1614,hollo.football,available,26.98,36.98,high,low,5,namecheap,,,23/09/2026 06:22
97ef8a11-a2d1-4ecb-b236-22f20c0d2eb7,townsend.football,available,25.99,25.99,high,low,8,namesilo,,,25/09/2026 06:09
a1b93496-916b-498d-8898-1c63ac38b5c1,sims.football,available,20.9,20.9,medium,low,4,spaceship,,,29/09/2026 04:07
9212adab-e8c1-4ae4-815b-a37ce25f07ef,failed.football,available,19.99,,medium,low,6,name.com,,,
8d2a25b2-efde-4ed3-8bb4-dffd6d976bcc,pseudonym.football,premium,854,854,high,low,9,namesilo,,,19/09/2026 11:33
b91dac20-a6f5-48cf-b0c8-bad2171f60f7,gasp.football,available,10.92,21.62,high,low,4,dynadot,,,01/10/2026 19:41
b1513a82-ee7f-44f6-a463-3eb2202b8328,acousma.football,available,25.99,25.99,medium,low,7,namesilo,,,17/09/2026 02:29
98b4ac2b-a9b4-4ca8-afbf-3dedad82e85e,anne.football,available,26.98,36.98,high,low,4,namecheap,,,19/09/2026 10:11
e2ceefa6-73fa-4d5b-8654-551e4aa88130,nervous.football,available,25.99,25.99,medium,low,7,namesilo,,,21/09/2026 22:02
42a608e3-6262-4fcb-ae05-ced40972ed84,diaz.football,available,25.99,25.99,high,low,4,namesilo,,,22/09/2026 09:18
df0ce726-da68-404e-9635-ca197b85fedc,deepest.football,available,19.99,,high,low,7,name.com,,,
e1ba726b-90a0-4c44-8d3d-45a326920e75,richly.football,available,25.99,25.99,high,low,6,namesilo,,,13/09/2026 19:38
839404e2-6cbc-4836-886a-5a3f420fa018,objectives.football,available,25.99,25.99,high,low,10,namesilo,,,17/09/2026 15:43
89796911-ac63-446a-a8a1-50e0dceb50d8,geodesic.football,available,19.99,37.99,high,low,8,name.com,,,18/08/2026 22:23
56ba5cf9-81ce-481d-8d22-14742bed53f3,semisweet.football,available,25.99,25.99,medium,low,9,namesilo,,,10/09/2026 03:29
87f0556d-6582-4d48-ba1a-3b3e33c47320,akhenaton.football,available,26.98,36.98,medium,low,9,namecheap,,,17/09/2026 23:57
316c1169-0d78-4969-92e7-02eb7c9bf133,tops.football,available,26.98,36.98,high,low,4,namecheap,,,27/09/2026 21:56
2c5ed562-fd67-476b-8ecb-2d3280502847,folding.football,available,26.98,36.98,high,low,7,namecheap,,,24/09/2026 20:52
0458a019-bd5c-4d66-a747-0c4fe738db6f,artists.football,available,25.99,25.99,high,low,7,namesilo,,,28/09/2026 00:02
91aa89b1-21e7-4de8-9b6d-f18cc4837141,adrien.football,available,10.92,21.62,medium,low,6,dynadot,,,02/10/2026 03:15
dfd7ea8c-5b9c-4623-a543-ab8700378e41,benumb.football,available,25.99,25.99,medium,low,6,namesilo,,,03/09/2026 22:47
462f8cf7-d589-4235-9447-0d4d617aec94,yvette.football,available,10.81,21.11,medium,low,6,porkbun,,,30/09/2026 20:09
7016988c-59c7-4c80-9fd4-04cfed901baf,illuminator.football,available,26.98,36.98,high,low,11,namecheap,,,01/10/2026 23:19
fe443ab8-4c9f-45b7-941e-41aade1a91b3,award.football,available,25.99,25.99,high,low,5,namesilo,,,27/09/2026 06:31
37b03487-51e1-4792-b44e-bb39de0d08d2,targeting.football,available,25.99,25.99,medium,low,9,namesilo,,,29/09/2026 03:22
2510e20a-086b-494c-bb81-ac95a549e03e,maximal.football,available,19.99,37.99,high,low,7,name.com,,,24/08/2026 17:54
50602672-1ad0-4373-a093-04f66daab064,quail.football,available,20.2,20.2,high,low,5,cloudflare,,,01/10/2026 02:11
9e7b6299-a846-47ec-853b-a88b5269be31,pendulum.football,available,20.9,20.9,high,low,8,spaceship,,,01/10/2026 03:17
43dd0aad-1ae1-4adb-b789-bab5f4aa5da8,mohave.football,available,20.9,20.9,high,low,6,spaceship,,,01/10/2026 03:01
95abc336-aeb1-42b4-ab3d-9e79e2937dd6,ache.football,available,19.99,37.99,medium,low,4,name.com,,,
1c76f366-c657-437a-8082-a4509f547871,larceny.football,available,25.99,25.99,medium,low,7,namesilo,,,11/09/2026 13:18
c81c7f5c-8dec-4319-adc8-cfb311726d96,gigi.football,available,25.99,25.99,high,low,4,namesilo,,,01/10/2026 11:39
262d6643-72c4-4472-81e3-4d34e94e7653,margery.football,available,20.2,20.2,medium,low,7,cloudflare,,,30/09/2026 04:51
95cbe28e-e07f-44d9-9e0c-30cecfffcb6e,zapotec.football,available,25.99,25.99,high,low,7,namesilo,,,13/09/2026 15:07
3b04f6c0-8f73-4431-a17e-910bcc840873,spinning.football,available,25.99,25.99,high,low,8,namesilo,,,27/09/2026 05:29
fb315b19-bffd-440b-8ae1-26449ab5e9fc,expound.football,available,19.99,37.99,high,low,7,name.com,,,16/08/2026 00:37
1e06eb33-079b-4eaf-aff7-1d493bdd638d,thaw.football,available,19.99,37.99,high,low,4,name.com,,,24/08/2026 19:45
6cd5e56f-4a84-4976-a258-5cdf37165fb2,bali.football,available,20.9,20.9,high,medium,4,spaceship,,,29/09/2026 00:44
900341d8-59e5-4d2f-856e-3256c8d0af27,truthful.football,available,25.99,25.99,high,low,8,namesilo,,,11/09/2026 20:51
fbfe9f66-a4ee-4d22-88a7-4f9473d2df63,windless.football,available,25.99,25.99,medium,low,8,namesilo,,,13/09/2026 12:14
1abddbe4-2e57-4fa7-9b0e-425f4545e4b4,designed.football,available,26.98,36.98,high,low,8,namecheap,,,24/09/2026 06:34
cacdae1e-8c77-4cc9-84d6-5df0720aa7e3,kaunas.football,available,20.9,20.9,medium,low,6,spaceship,,,01/10/2026 02:48
b09b0ab2-e219-4d05-83a8-ec146e55c1ed,analogue.football,available,19.99,37.99,high,low,8,name.com,,,
3e2852c0-2bf6-4dad-8c6f-7dce104b108a,espionage.football,available,20.2,20.2,high,low,9,cloudflare,,,29/09/2026 06:49
b7f8e444-9cbe-4eed-969c-1c3d18166d2b,ponies.football,available,20.2,20.2,high,low,6,cloudflare,,,30/09/2026 15:39
cfd7d016-fae6-4658-8397-6882143cf803,survivor.football,available,20.9,20.9,high,low,8,spaceship,,,28/09/2026 10:58
a5ab128a-3d80-4313-9969-acdf7948d74a,chester.football,available,20.2,20.2,high,low,7,cloudflare,,,28/09/2026 01:40
373d7a17-69f2-4df2-8ce7-130d0eaebc5a,lakh.football,available,19.99,37.99,medium,low,4,name.com,,,21/08/2026 15:36
d26e3509-b7c0-49e2-b60d-09dd42709869,moi.football,available,10.81,21.11,high,low,3,porkbun,,,01/10/2026 01:27
e01214c3-b54f-4865-b633-85d1d43ed8c8,kingman.football,available,25.99,25.99,medium,low,7,namesilo,,,30/09/2026 13:59
708b0630-1dc8-4677-8bb7-c9139e140694,applause.football,available,26.98,36.98,high,low,8,namecheap,,,19/09/2026 20:55
7b1186bc-ca9e-4c7d-83ac-8225744fd02f,cdc.football,available,25.99,25.99,high,low,3,namesilo,,,25/09/2026 22:11
515b62b8-91d5-4b88-9781-90507b87c2ec,barkeeper.football,available,25.99,25.99,medium,low,10,namesilo,,,22/09/2026 06:23
fb59b754-628b-4d7c-92e4-ef0d82d39eef,munificent.football,available,19.99,37.99,high,low,10,name.com,,,22/08/2026 21:09
67ebf354-b5cf-4c0a-b726-04b7cb3befbe,starless.football,available,26.98,36.98,medium,low,8,namecheap,,,10/09/2026 18:52
ccec87c9-ddd9-47ba-af7a-bb587642eb7a,adults.football,available,25.99,25.99,medium,low,6,namesilo,,,27/09/2026 09:52
b36f523e-6ad9-4e0b-97b9-30c3de28a211,connectivity.football,available,20.9,20.9,high,low,12,spaceship,,,01/10/2026 17:34
22a0b587-2a9b-4fcb-8ccb-f0ae56dda5d3,sewage.football,available,20.2,20.2,medium,low,6,cloudflare,,,30/09/2026 02:49
875eb4b3-2422-476d-8fde-6cc52a486ff8,hacker.football,available,26.98,36.98,high,medium,6,namecheap,,,24/09/2026 20:44
356eaad5-1b6a-43d7-be8d-5b57d4e04f97,mincing.football,available,19.99,37.99,medium,low,7,name.com,,,13/08/2026 15:43
ff60f50b-e438-4476-9acf-f9c148759fd4,warring.football,available,25.99,25.99,medium,low,7,namesilo,,,13/09/2026 08:11
09a78f45-8644-4dcd-969b-c0d8359c7577,gujarati.football,available,25.99,25.99,high,low,8,namesilo,,,30/09/2026 09:59
efec415a-bb1e-488d-868d-4cd855e94b19,worldling.football,available,25.99,25.99,medium,low,9,namesilo,,,11/09/2026 10:47
dec7a1e0-1ca9-45da-a0a7-b09ca7baa926,nist.football,available,20.9,20.9,high,low,4,spaceship,,,29/09/2026 19:44
060e87ad-f078-4b40-9b97-f2ab2352c94b,contributor.football,available,20.9,20.9,high,low,11,spaceship,,,30/09/2026 19:30
065c8a61-3eac-4e13-a56c-5e7e42aaec4a,wilmot.football,available,10.92,21.62,medium,low,6,dynadot,,,29/09/2026 16:33
cbfde500-b185-473b-8515-142d6aa99b61,renowned.football,available,19.99,37.99,high,low,8,name.com,,,11/08/2026 23:18
67dba0da-39c0-49c4-8800-5caf6c5cd9fd,autobiography.football,available,10.92,21.62,medium,low,13,dynadot,,,29/09/2026 23:22
2bf82104-bda6-4a6a-8f41-c934b55eb567,toledo.football,available,20.2,20.2,medium,low,6,cloudflare,,,28/09/2026 15:28
2faea3a3-85c8-472f-9fd0-250b85c8efea,overgrowth.football,available,10.81,21.11,high,low,10,porkbun,,,01/10/2026 19:47
03db9c03-7d0b-4e44-afc7-da5b8aad0502,geography.football,available,10.81,21.11,high,low,9,porkbun,,,28/09/2026 19:20
f52e93c9-c671-4eb9-821d-5334a4c6a79b,agitator.football,available,26.98,36.98,medium,low,8,namecheap,,,17/09/2026 18:07
01649701-2bfb-4c4b-a054-8b9a37e446ed,wheedle.football,available,25.99,25.99,medium,low,7,namesilo,,,24/09/2026 04:07
ed01950c-5fac-45e1-8b02-7abd209e61ea,sonya.football,available,25.99,25.99,medium,low,5,namesilo,,,30/09/2026 04:43
54035ca7-f4ca-43ff-934f-dcb43d3e851b,underdone.football,available,25.99,25.99,medium,low,9,namesilo,,,12/09/2026 07:24
8f7ed3e5-6a5f-4248-b15f-0ed119b225e5,locations.football,available,20.9,20.9,medium,low,9,spaceship,,,28/09/2026 17:11
65b5c981-e39d-40bc-a15d-b10558745e44,exploring.football,available,20.2,20.2,high,low,9,cloudflare,,,28/09/2026 15:59
b10eb15e-5af4-4cef-aa31-c61a6cf1cf12,theistic.football,available,25.99,25.99,medium,low,8,namesilo,,,11/09/2026 12:41
b2041577-5026-4178-be4b-e6ba9a0f3666,antibiotic.football,available,25.99,25.99,high,low,10,namesilo,,,22/09/2026 06:14
0c203d1e-f901-436c-bee2-1fb05ab6a5b7,harmonica.football,available,20.9,20.9,high,low,9,spaceship,,,01/10/2026 02:25
42420e02-d1d4-447b-b328-b32440a967e7,labs.football,available,20.9,20.9,high,medium,4,spaceship,,,28/09/2026 13:19
28cdbdac-5a25-4391-a9f0-c1cf6864486c,snuff.football,available,19.99,37.99,high,low,5,name.com,,,12/08/2026 07:39
2813f77a-b4f8-44fd-88a2-f0cfe28b87e8,blame.football,available,19.99,37.99,high,low,5,name.com,,,10/08/2026 12:37
94ed0c6d-5349-4397-a500-23c7fd299312,willow.football,available,10.92,21.62,high,low,6,dynadot,,,30/09/2026 14:43
445469e0-d97b-44b9-aeda-bb395dec5573,briefly.football,available,25.99,25.99,high,low,7,namesilo,,,28/09/2026 13:31
57beed4f-d214-4cfb-b30f-5b71df49ca34,tumbling.football,available,25.99,25.99,high,low,8,namesilo,,,17/09/2026 03:22
0ee45dc6-0b72-43c3-9005-9adb28c2af13,autogiro.football,available,26.98,36.98,medium,low,8,namecheap,,,21/09/2026 06:22
09a4b325-9f40-4803-acc9-76d447c4a8cd,rhenium.football,available,26.98,36.98,medium,low,7,namecheap,,,20/09/2026 23:48
35ca106e-faa9-4423-9b09-4c210e1028e6,notebook.football,available,25.99,25.99,high,low,8,namesilo,,,28/09/2026 10:36
44f17aff-9bf4-4475-bc68-da7993d5ef43,arsonist.football,available,19.99,37.99,medium,low,8,name.com,,,22/08/2026 00:55
a8698343-cd5e-41c2-9c7c-7d8cb81de490,depth.football,available,20.9,20.9,high,low,5,spaceship,,,28/09/2026 01:46
29fbf386-2eb6-4021-9f59-e36578be6aeb,greased.football,available,19.99,37.99,medium,low,7,name.com,,,20/08/2026 19:33
7b89e40e-a866-438a-a9ba-1f73ed6a0b2e,sustained.football,available,19.99,37.99,high,low,9,name.com,,,18/08/2026 14:51
2f63527e-b2f2-4619-a58e-ba9e15bbfde5,amylaceous.football,available,19.99,37.99,medium,low,10,name.com,,,
f414205b-39aa-4113-a525-8b6b33a9a34a,marbled.football,available,19.99,37.99,medium,low,7,name.com,,,24/08/2026 15:47
3e9547a3-3a25-4e43-a545-29d1662425df,ricketts.football,available,10.92,21.62,medium,low,8,dynadot,,,30/09/2026 05:23
705fa225-a411-4258-9ab4-a7e055fabeeb,costing.football,available,10.92,21.62,high,low,7,dynadot,,,29/09/2026 18:29
ec3230de-6a40-4673-a411-962bf7e8d3fc,jur.football,available,25.99,25.99,medium,low,3,namesilo,,,30/09/2026 04:32
85d22580-493b-4afd-bfa2-a7a75c9e609e,osseous.football,available,26.98,36.98,medium,low,7,namecheap,,,04/09/2026 18:18
d7ad375b-e5a8-4ff2-94af-d16ef3dc7e89,carrying.football,available,20.9,20.9,high,low,8,spaceship,,,01/10/2026 19:14
969db377-fc29-4330-9779-778d333a010c,klein.football,available,25.99,25.99,high,low,5,namesilo,,,25/09/2026 03:56
89a35b3e-0875-4ac6-87c4-3c9ca5a04606,amer.football,available,10.92,21.62,medium,low,4,dynadot,,,28/09/2026 17:41
6bc76628-3578-4714-b6a5-bd637a3ee091,fulgurous.football,available,19.99,37.99,medium,low,9,name.com,,,13/08/2026 19:01
bb361ded-a1b8-49ba-92ba-b32546af85bf,allegretto.football,available,19.99,37.99,high,low,10,name.com,,,
88a1a744-98eb-4858-a947-affc50e4a10c,stressful.football,available,25.99,25.99,medium,low,9,namesilo,,,03/09/2026 15:42
ab75bdf4-577f-46df-99ad-880041562ae8,meek.football,available,19.99,37.99,high,low,4,name.com,,,24/08/2026 19:16
7f8bec54-82b1-4148-9dcc-e91d5347a7bf,execute.football,available,25.99,25.99,high,low,7,namesilo,,,27/09/2026 16:26
3e39f555-46f4-45b2-93a5-8c5aff88faf9,jonny.football,available,20.9,20.9,high,low,5,spaceship,,,01/10/2026 23:09
7b71f90a-68f4-473f-9ab6-1a818ce7db70,framingham.football,available,25.99,25.99,medium,low,10,namesilo,,,30/09/2026 05:41
2d909a53-8d1f-4413-ab35-fefc19193137,eia.football,available,26.98,36.98,high,low,3,namecheap,,,29/09/2026 21:53
820d8b33-cef8-4ca6-a074-506baf389b04,driving.football,available,25.99,25.99,high,low,7,namesilo,,,24/09/2026 12:10
6f931305-2faf-4d6c-9a17-3c672b8a9dc7,bondable.football,available,19.99,37.99,medium,low,8,name.com,,,09/08/2026 23:59
bb897b7d-4986-48b3-8a64-65b7bd143d65,mcintosh.football,available,25.99,25.99,high,low,8,namesilo,,,27/09/2026 04:44
cceef00d-87db-4516-8633-64dc60f2c188,debar.football,available,26.98,36.98,medium,low,5,namecheap,,,22/09/2026 03:43
e65046d3-4d18-4a5b-b73f-575cc71da15f,niagara.football,available,20.9,20.9,high,low,7,spaceship,,,28/09/2026 20:00
8abc249c-8907-4555-89bd-350a735bd98e,dewey.football,available,26.98,36.98,high,low,5,namecheap,,,17/09/2026 08:48
a43e4b6f-3f7d-4769-9b50-28d32aa8e1b0,scares.football,available,25.99,25.99,low,low,6,namesilo,,,30/09/2026 07:09
b426b8f2-ee74-42b6-a2f2-1c514751e60a,labour.football,available,26.98,36.98,medium,low,6,namecheap,,,29/09/2026 04:26
778b9fc4-319a-4aab-8b40-fa669d5b6f5e,gorgeous.football,available,26.98,36.98,high,low,8,namecheap,,,24/09/2026 22:48
e33f8187-1f4d-484e-b3e9-90d01bd4b4f8,gansu.football,available,26.98,36.98,medium,low,5,namecheap,,,01/10/2026 02:15
3e1bb876-8920-490f-98d8-a1d1294d3eec,lxi.football,available,19.99,37.99,medium,low,3,name.com,,,
f501bb44-92a2-481b-b71b-650551dbe528,hoover.football,available,26.98,36.98,high,low,6,namecheap,,,30/09/2026 17:36
57253e6a-4ddc-4912-8e8d-bfcc3994df2b,booklist.football,available,25.99,25.99,high,low,8,namesilo,,,02/10/2026 03:01
e5dfca0b-a404-4c24-a03b-d5e704686838,cleanser.football,available,25.99,25.99,high,low,8,namesilo,,,24/09/2026 15:26
e98ca13f-ae00-448a-a441-d33a514bbed9,credit.football,available,20.2,20.2,high,low,6,cloudflare,,,29/09/2026 09:26
d1c62a44-0649-4f2a-b98c-46553ba48f80,irregular.football,available,25.99,25.99,high,low,9,namesilo,,,25/09/2026 11:26
b9085c19-d8ae-4bbd-9739-2a1357f912ca,maimed.football,available,19.99,37.99,medium,low,6,name.com,,,24/08/2026 13:20
398d7b54-6542-477b-92c3-acb512493502,command.football,available,25.99,25.99,high,low,7,namesilo,,,23/09/2026 13:28
10561360-4cc3-4bc3-ac17-239ca23c88b0,assistance.football,available,26.98,36.98,high,low,10,namecheap,,,17/09/2026 20:44
b9b88cc0-e17f-4a1e-b094-64146a49591e,afterward.football,available,19.99,37.99,medium,low,9,name.com,,,
faca7429-4b68-4e21-9b7e-e1297faf39db,diminished.football,available,19.99,37.99,medium,low,10,name.com,,,07/08/2026 15:00
08e5209f-465b-4da4-9b1d-259ebfe6de1e,speciality.football,available,19.99,37.99,high,low,10,name.com,,,18/08/2026 12:32
13cc35b4-2d46-4516-91be-cba0eafcc570,sus.football,available,20.9,20.9,high,low,3,spaceship,,,28/09/2026 14:17
05929328-5128-4e23-ba66-4c9b6abffef9,suzanne.football,available,25.99,25.99,medium,low,7,namesilo,,,28/09/2026 11:57
75920efc-89ef-49ad-9d60-7ae3c67daa38,eccentric.football,available,19.99,37.99,high,low,9,name.com,,,10/08/2026 09:50
050cf777-4189-4f0a-8241-0223ced7d584,balky.football,available,19.99,37.99,medium,low,5,name.com,,,08/08/2026 09:55
b76e12df-e9d7-4a5d-a9d9-707f03779f97,openings.football,available,26.98,36.98,medium,low,8,namecheap,,,20/09/2026 17:50
79348a87-99ff-4baf-ae39-a8a7b998de64,stupe.football,available,25.99,25.99,medium,low,5,namesilo,,,10/09/2026 23:06
36b2505c-2b4f-4e3d-8c32-389646dfce93,rooster.football,available,25.99,25.99,high,low,7,namesilo,,,29/09/2026 13:52
73de2f2f-5383-4b8c-8e45-42e1ac07194e,cuban.football,premium,118.8,118.8,high,low,5,namesilo,,,13/08/2026 09:47
c7863252-4293-4b7d-9b7f-4e1391b5cb7a,illative.football,available,19.99,37.99,medium,low,8,name.com,,,21/08/2026 19:47
ce6dbf64-4371-450a-aa04-7e9018261c12,clapper.football,available,26.98,36.98,high,low,7,namecheap,,,19/09/2026 20:51
cd1d239e-3e3b-480c-a463-2518f9c86134,adder.football,available,25.99,25.99,medium,low,5,namesilo,,,17/09/2026 06:46
5f64bc25-9457-4418-822f-980905cd4478,diver.football,available,20.9,20.9,high,low,5,spaceship,,,29/09/2026 00:40
8aad77bb-8677-47c6-b557-9b8623402c8a,georgetown.football,premium,118.8,118.8,high,low,10,namesilo,,,25/09/2026 16:59
dd949137-87e0-451c-9fe6-befa78be7190,chum.football,available,25.99,25.99,high,low,4,namesilo,,,01/10/2026 01:13
74373056-486f-4a97-80c1-57d4f30af444,squalid.football,available,25.99,25.99,medium,low,7,namesilo,,,10/09/2026 14:31
0d47af85-610b-4715-a0d5-5731eed4d660,flamboyant.football,available,26.98,36.98,high,low,10,namecheap,,,22/09/2026 12:57
038868f6-a8f7-4f4e-8dd0-5eaf5ccf1154,vents.football,available,25.99,25.99,medium,low,5,namesilo,,,21/09/2026 06:42
eb23c648-3530-4ae6-a040-f4da1cec7a65,firmament.football,available,19.99,37.99,high,low,9,name.com,,,16/08/2026 20:58
a0c54cb7-2cd6-4adc-8f3b-4e3f3afbda18,melancholy.football,available,26.98,36.98,high,low,10,namecheap,,,25/09/2026 19:05
15bd401c-d857-484c-b90b-208ad7220b66,uma.football,available,20.9,20.9,high,low,3,spaceship,,,29/09/2026 12:33
89d40a5b-2197-4b27-90e4-6007d0a8197d,urban.football,available,25.99,25.99,high,low,5,namesilo,,,28/09/2026 10:00
f7c1e925-9a97-4fb2-8a1e-ee5d1b6d4a3a,neuromotor.football,available,25.99,25.99,medium,low,10,namesilo,,,03/09/2026 16:18
1e3f6cb4-5531-4578-9de5-017f9c11ad16,skull.football,available,26.98,36.98,high,low,5,namecheap,,,26/09/2026 00:19
bc352d51-26ce-41c9-9694-5c1a78bbef56,bolshie.football,available,19.99,37.99,medium,low,7,name.com,,,10/08/2026 17:55
06631bb7-469d-4baa-b0b5-a2a3979a4233,thunder.football,available,10.81,21.11,high,low,7,porkbun,,,27/09/2026 15:41
b5b909d8-ed77-4b55-836b-1f02dd23dba7,portals.football,available,20.9,20.9,high,low,7,spaceship,,,01/10/2026 17:55
e9254534-0ad9-47e7-ae26-28535b9db057,weights.football,available,19.99,,medium,low,7,name.com,,,
8194a1b0-b9e8-4eb0-b452-f312d06fa97c,end.football,premium,128.7,128.7,high,low,3,namecheap,,,19/09/2026 15:33
ea7f9dcd-e13c-4add-9e0b-d96e367ed24c,incompetence.football,available,25.99,25.99,medium,low,12,namesilo,,,30/09/2026 14:30
2de65d46-64ef-453a-8704-097e19d343bb,aspis.football,available,25.99,25.99,medium,low,5,namesilo,,,20/09/2026 15:24
64c3275c-ae52-4212-a1ad-d1f295586669,kickshaw.football,available,19.99,37.99,medium,low,8,name.com,,,13/08/2026 15:56
748a1091-6e45-4f55-b676-63cd059fb5ea,ottoman.football,available,25.99,25.99,high,low,7,namesilo,,,04/09/2026 18:38
caf041b1-17bc-49bc-aefe-37237c930550,bounty.football,available,25.99,25.99,high,low,6,namesilo,,,24/09/2026 07:35
5a6952a2-4269-4eb7-846a-813aa0d1a592,sit.football,available,20.9,20.9,high,low,3,spaceship,,,30/09/2026 10:17
a37e147b-0ba3-4391-b13f-402f649050d5,onset.football,available,25.99,25.99,high,low,5,namesilo,,,04/09/2026 14:29
d531b7a9-5aa0-4b0f-9a06-dca764b4efc3,fim.football,available,10.81,21.11,medium,low,3,porkbun,,,29/09/2026 21:32
e225f035-d7af-46e6-bdc6-4638d19decb0,texting.football,available,25.99,25.99,high,low,7,namesilo,,,17/09/2026 10:22
5dfda3cf-ba90-4ebc-8026-033adba0b801,katabatic.football,available,19.99,37.99,medium,low,9,name.com,,,11/08/2026 20:41
3bb96980-43bb-4c5e-b30f-eb480fdddbc5,premise.football,available,25.99,25.99,high,low,7,namesilo,,,20/09/2026 16:37
d74451ac-45a1-4598-97c0-b9d0dc485a2e,mandarin.football,available,25.99,25.99,high,low,8,namesilo,,,23/09/2026 04:17
402c535d-b0e4-4a57-bb6d-5e874fe7ba6b,sakharov.football,available,25.99,25.99,medium,low,8,namesilo,,,19/09/2026 04:30
45c1d0c8-5f09-4d29-a4f6-e9142667b74e,inhouse.football,available,19.99,,high,low,8,name.com,,,
8375a965-4c86-4e6f-9103-bd3da7b36ff9,mbe.football,available,10.92,21.62,high,low,3,dynadot,,,28/09/2026 22:27
cb2a60d1-1947-4263-8720-b7c473a333a3,structured.football,available,25.99,25.99,high,low,10,namesilo,,,10/09/2026 22:50
2ad3a4cd-0b64-454c-aafb-28fbcec7f676,hani.football,available,25.99,25.99,high,low,4,namesilo,,,17/09/2026 23:54
a4232e14-d1f2-43f2-9a16-b0061f4bfa66,cowpea.football,available,25.99,25.99,medium,low,6,namesilo,,,23/09/2026 23:43
0fd66734-ff85-4784-af3a-cf170f8a5d86,langer.football,available,20.2,20.2,medium,low,6,cloudflare,,,29/09/2026 02:56
81945efb-3622-48fb-9a48-1a54bfef64c2,cubist.football,available,19.99,37.99,high,low,6,name.com,,,13/08/2026 10:03
5843e880-f105-47ab-b1cc-da37cc90d54e,cashier.football,available,25.99,25.99,high,low,7,namesilo,,,22/09/2026 02:24
f8f3961f-4376-4130-8706-d04bcdb4caec,upmost.football,available,26.98,36.98,medium,low,6,namecheap,,,11/09/2026 17:50
1b11c11f-4956-43fd-b2be-280033583766,seemly.football,available,19.99,37.99,medium,low,6,name.com,,,09/08/2026 06:27
682a1494-5c2e-4a7c-986b-239848b9e091,timely.football,available,19.99,37.99,high,low,6,name.com,,,06/08/2026 10:08
51e01c32-989c-4edb-8591-82607a1a6594,extends.football,available,25.99,25.99,medium,low,7,namesilo,,,18/09/2026 17:32
5c77efad-9cbc-4c9c-87ae-4b5697627638,toothcare.football,available,19.99,,medium,low,9,name.com,,,
c9235c23-5703-4675-a743-1f22828d52ac,distracted.football,available,19.99,37.99,medium,low,10,name.com,,,14/08/2026 13:08
6ffd8cfd-286f-4f3d-aacf-6ba591dd9e00,incomplete.football,available,19.99,37.99,high,low,10,name.com,,,22/08/2026 01:53
4baef6b1-123a-4ec9-9482-b512e44dff43,terribly.football,available,25.99,25.99,medium,low,8,namesilo,,,22/09/2026 15:23
aa757dee-beba-482c-b592-d1d1b1096720,consequence.football,available,25.99,25.99,high,low,11,namesilo,,,28/09/2026 15:40
5d24e583-a2c0-4023-ab7b-4ce273058e1a,aragonite.football,available,26.98,36.98,medium,low,9,namecheap,,,19/09/2026 23:43
6f5e2fc5-88ea-4291-a66a-0eb5b024caf2,humanoid.football,available,25.99,25.99,high,medium,8,namesilo,,,19/09/2026 04:56
d61201e5-5784-42b1-a546-b89941166d80,icd.football,available,20.9,20.9,high,low,3,spaceship,,,01/10/2026 07:28
066c4bba-8686-4870-a2d7-f22985aa7f15,kingly.football,available,19.99,37.99,high,low,6,name.com,,,22/08/2026 16:17
65023258-5cef-4d06-9cef-d7cd3aa8be5c,wittily.football,available,26.98,36.98,medium,low,7,namecheap,,,16/09/2026 11:35
91f4b677-fcde-4e05-934e-0d3c7b13fb89,stokes.football,available,25.99,25.99,medium,low,6,namesilo,,,28/09/2026 22:21
c4dacfc7-b950-41cf-9e9e-49b374e5d308,finer.football,available,19.99,37.99,high,low,5,name.com,,,18/08/2026 04:49
74c2c435-9c09-4053-9838-12a7ade8887b,compilation.football,available,19.99,,high,low,11,name.com,,,
d9bc8469-9eab-44c2-a34f-db1c3a96da06,twit.football,available,25.99,25.99,medium,low,4,namesilo,,,11/09/2026 09:11
b8281a1f-9fe8-46e1-95a5-ce59587609c8,heroes.football,available,25.99,25.99,high,low,6,namesilo,,,17/09/2026 22:48
e5baae29-a827-4607-91d2-33812ad3dda3,skipped.football,available,20.9,20.9,medium,low,7,spaceship,,,29/09/2026 05:58
1dca319c-aa1d-4638-a39b-28cc92912e5e,paz.football,available,25.99,25.99,high,low,3,namesilo,,,25/09/2026 14:05
bdef5f09-dbcb-488e-9415-ac52daeaaf0d,intercourse.football,available,20.2,20.2,high,low,11,cloudflare,,,28/09/2026 07:00
142d6e32-2476-42dc-bbbe-955d0c32a3e1,declarer.football,available,25.99,25.99,medium,low,8,namesilo,,,17/09/2026 14:33
777479f6-90b4-46ae-9452-d05034ff44ab,competitor.football,available,26.98,36.98,high,low,10,namecheap,,,29/09/2026 06:18
6b6acbee-8be2-4f93-a3f2-0df97d44986f,identifying.football,available,20.9,20.9,high,low,11,spaceship,,,29/09/2026 08:55
baf42830-660d-4d49-8186-93a033b69a6b,processor.football,available,20.9,20.9,high,low,9,spaceship,,,29/09/2026 11:51
a5cd8bc3-ab93-4882-8e6c-d939cde7ccdf,fists.football,available,20.9,20.9,medium,low,5,spaceship,,,30/09/2026 15:15
3429eab9-40ed-4029-b5cb-a502b64e3a2b,freelancer.football,available,10.81,21.11,high,low,10,porkbun,,,28/09/2026 07:52
5c3882c7-d11a-4e4f-8914-f48b3fcbe03f,stepping.football,available,25.99,25.99,high,low,8,namesilo,,,16/09/2026 15:33
5d6395f6-d70e-427c-9a62-9b9979428cad,whimsey.football,available,25.99,25.99,medium,low,7,namesilo,,,20/09/2026 00:43
0342a6de-36f7-4890-991d-d86e09d02e5a,affective.football,available,19.99,37.99,high,low,9,name.com,,,
763722fa-7748-4c2f-85b4-9de80ba73477,gilliam.football,available,10.81,21.11,medium,low,7,porkbun,,,30/09/2026 13:39
b8b2eb70-c887-4d2b-8bc2-9406682b801c,macon.football,available,26.98,36.98,high,low,5,namecheap,,,27/09/2026 04:39
cb02fadc-41a4-4524-8fee-cecd7d74e2ca,majesty.football,available,25.99,25.99,medium,low,7,namesilo,,,27/09/2026 04:40
aaa61299-6dd8-47b8-bb00-e5d06615d6a8,andhra.football,available,20.9,20.9,medium,low,6,spaceship,,,29/09/2026 04:23
a6a703e3-2ef1-4428-bf76-f0804e0df290,jen.football,available,20.2,20.2,high,low,3,cloudflare,,,28/09/2026 03:57
efe08c46-99ff-4167-9973-0517b9ded6cc,novice.football,available,25.99,25.99,high,low,6,namesilo,,,23/09/2026 02:23
56636bc7-581f-4ce8-bce3-c03913fd1d9e,dogging.football,available,19.99,37.99,medium,low,7,name.com,,,14/08/2026 15:03
8e998ce5-2975-44e2-8755-2894417b2441,legibility.football,available,26.98,36.98,high,low,10,namecheap,,,24/09/2026 22:31
3808c524-0e75-4027-bffe-0989a30c5650,prophecy.football,available,20.9,20.9,high,low,8,spaceship,,,28/09/2026 10:47
be891eb2-4c56-4f80-9006-7a935e9c10f3,reverence.football,available,10.92,21.62,high,low,9,dynadot,,,30/09/2026 18:29
b729737f-8924-4c11-9d12-eeea2bc23d2c,improv.football,available,25.99,25.99,high,low,6,namesilo,,,30/09/2026 23:39
603f5287-55f0-4237-b47e-1c747a1db592,abatement.football,available,26.98,36.98,medium,low,9,namecheap,,,16/09/2026 14:09
52d7d967-eef7-47ef-8e24-a36a85bec160,anger.football,available,10.81,21.11,medium,low,5,porkbun,,,28/09/2026 21:24
48c2a633-4bb1-49cf-873e-03272536a210,soppy.football,available,19.99,37.99,medium,low,5,name.com,,,09/08/2026 01:14
d0e50691-9a4c-4cf6-862d-45734ccb2112,inhabited.football,available,19.99,37.99,high,low,9,name.com,,,22/08/2026 04:59
fc6b0341-df55-4a12-b559-668646152107,egocentric.football,available,19.99,37.99,medium,low,10,name.com,,,15/08/2026 19:41
b90b77dd-6984-4058-a4d1-c1ed309206fe,regensburg.football,available,20.9,20.9,high,low,10,spaceship,,,30/09/2026 05:03
25fcd51f-b9de-4ea2-bd42-29bf2afcbaae,oneiric.football,available,25.99,25.99,medium,low,7,namesilo,,,04/09/2026 15:12
cf24c07b-d2e0-4678-9765-50b3c818247e,nightmare.football,available,25.99,25.99,high,low,9,namesilo,,,30/09/2026 05:45
3ad670e3-a42c-49ac-9741-17ae4ea5a508,dying.football,available,25.99,25.99,high,low,5,namesilo,,,24/09/2026 12:37
c009c1e7-4d64-4d26-8e28-f9da7af51fec,streetcar.football,available,20.9,20.9,high,low,9,spaceship,,,01/10/2026 03:55
97efe31e-76e5-4940-83da-57644bda6fc7,listened.football,available,25.99,25.99,medium,low,8,namesilo,,,25/09/2026 19:45
5e3d2374-b4e9-430a-bda1-2c3a24ef6401,manure.football,available,10.81,21.11,high,low,6,porkbun,,,30/09/2026 10:32
de9433e3-8b4c-4024-b504-ea4cb4420204,alleviant.football,available,19.99,37.99,high,low,9,name.com,,,04/09/2026 23:46
a69590a4-20f9-45b8-8d91-2eea2f50f023,villiers.football,available,25.99,25.99,medium,low,8,namesilo,,,29/09/2026 09:13
a59389f1-7dbd-4ad6-9a68-209fe99dabc7,hesperian.football,available,19.99,37.99,medium,low,9,name.com,,,21/08/2026 07:27
caaa05ca-a657-46f0-8c0c-43591fe2a400,sciences.football,available,20.9,20.9,medium,low,8,spaceship,,,28/09/2026 07:41
2d491e66-10c7-435d-a9f8-b84e069b1af1,industrial.football,available,25.99,25.99,high,low,10,namesilo,,,25/09/2026 09:22
adad9821-e524-4e86-a837-7657a4b76c55,untested.football,available,26.98,36.98,medium,low,8,namecheap,,,12/09/2026 21:13
78c1bbf1-3009-4f72-a8fb-48c66c5509a7,zealot.football,available,25.99,25.99,medium,low,6,namesilo,,,08/09/2026 02:10
b2d601f5-21f4-4b17-946c-12919bbb96c7,pasang.football,available,25.99,25.99,medium,low,6,namesilo,,,23/09/2026 12:24
319a7255-ed7b-45b5-abfe-522a73649cb8,violent.football,available,25.99,25.99,high,low,7,namesilo,,,11/09/2026 09:46
8cb1f673-d38c-44d3-814e-eb06c75874d1,laxly.football,available,19.99,37.99,low,low,5,name.com,,,15/09/2026 11:08
eede4bcb-371c-4fc9-8ede-1fa7c1673b45,holiday.football,available,25.99,25.99,high,low,7,namesilo,,,29/09/2026 22:56
a1e0f717-cac6-428f-ad83-818bc5fe4202,hecht.football,available,25.99,25.99,high,low,5,namesilo,,,23/09/2026 07:20
18221a26-3fe2-41c4-8691-03921a83a2da,slips.football,available,26.98,36.98,high,low,5,namecheap,,,17/09/2026 12:24
40761d34-ec6c-46ca-86af-0140f8d3f4c0,spotlessly.football,available,25.99,25.99,medium,low,10,namesilo,,,16/09/2026 06:37
33bec047-aab9-4d5b-82eb-1c25a8b75f77,screwed.football,available,25.99,25.99,medium,low,7,namesilo,,,28/09/2026 15:59
61d13413-7571-448a-ab2d-164cce327a56,fang.football,available,20.9,20.9,high,low,4,spaceship,,,29/09/2026 06:51
dcb81820-a262-496c-a8ba-ecb3d979d25e,beefeater.football,available,25.99,25.99,medium,low,9,namesilo,,,23/09/2026 01:09
6132c673-04b4-4aa3-b472-2a217ffe7037,pepper.football,available,25.99,25.99,high,low,6,namesilo,,,24/09/2026 01:22
038772dd-91b9-424d-aef9-9618eb80543a,ascap.football,available,26.98,36.98,medium,low,5,namecheap,,,30/09/2026 05:41
0c06fcb6-c864-41e6-add6-9651dcb76390,hairless.football,available,19.99,37.99,medium,low,8,name.com,,,20/08/2026 22:13
c845c15d-865e-47e8-80e0-4ff61ef94ff6,gilbert.football,available,19.99,37.99,high,low,7,name.com,,,18/08/2026 23:22
f2a1b245-7478-469b-90cc-6d396f4d34d2,antitrade.football,available,26.98,36.98,medium,low,9,namecheap,,,19/09/2026 15:13
d6f52e88-41e0-4db4-a466-8babd8c00391,emanuel.football,available,25.99,25.99,high,low,7,namesilo,,,25/09/2026 14:33
ea6201d0-121c-4d0a-81f2-d4f45e659a6d,furs.football,available,20.9,20.9,medium,low,4,spaceship,,,30/09/2026 23:22
9aa78bc0-d581-4ffb-a29c-2b20ba898a2f,translate.football,available,20.9,20.9,high,low,9,spaceship,,,28/09/2026 06:59
bc70d936-8562-41be-9d0d-a5f629ab511c,almoner.football,available,25.99,25.99,medium,low,7,namesilo,,,18/09/2026 12:40
716ae417-6de3-4978-8228-eb2ea4153be7,exalted.football,available,19.99,37.99,high,low,7,name.com,,,17/08/2026 15:38
1b852567-6fad-4c0b-9da1-5f2c326024b3,righteous.football,available,20.9,20.9,high,low,9,spaceship,,,27/09/2026 15:12
9b38fba5-5728-46b4-9daa-74f8cb80e9f1,translation.football,available,19.99,,high,low,11,name.com,,,
7f39392d-9cc7-445e-9777-d221ef8cec44,wonderfully.football,available,20.9,20.9,high,low,11,spaceship,,,01/10/2026 18:15
217d643b-619d-4d37-81bd-d87be930631a,individuals.football,available,25.99,25.99,low,low,11,namesilo,,,28/09/2026 12:49
84a32fcf-3299-4a90-90ec-1ed517157d90,pangolin.football,available,25.99,25.99,medium,low,8,namesilo,,,19/09/2026 12:39
f4bb97d8-b3a5-4614-b47f-f6b87df5ef16,troika.football,available,19.99,37.99,high,low,6,name.com,,,
1c0bac7f-4fb0-4cbe-93db-042720a8c57a,amendment.football,available,26.98,36.98,high,low,9,namecheap,,,18/09/2026 18:38
16f4c6d3-31dd-4813-82c1-b6102784fc0c,internship.football,available,20.2,20.2,high,low,10,cloudflare,,,28/09/2026 10:09
fe263062-9256-445d-aa3f-0f715b667bbd,galaxies.football,available,10.81,21.11,high,low,8,porkbun,,,30/09/2026 14:49
7f40a18d-ad0e-4665-9a78-799ad58aec0a,louvre.football,available,20.9,20.9,high,low,6,spaceship,,,30/09/2026 10:29
59792aab-a1f8-4904-bbb7-3860e326d788,discrete.football,available,19.99,37.99,high,low,8,name.com,,,14/08/2026 10:02
03d2ab10-db66-4916-9b37-a7027822843e,francine.football,available,20.9,20.9,high,low,8,spaceship,,,30/09/2026 13:27
94870f36-4feb-4735-8fdd-84a2bbab0c4b,zack.football,available,20.2,20.2,high,low,4,cloudflare,,,27/09/2026 18:11
e7da8333-ae69-4923-9898-c30d2a0d669a,dourly.football,available,25.99,25.99,low,low,6,namesilo,,,14/09/2026 13:56
20f1c745-6964-4371-95c2-8475bbc19514,variations.football,available,26.98,36.98,medium,low,10,namecheap,,,18/09/2026 20:13
dd0da26b-c627-4242-90c4-9f74f4430b96,power.football,available,,,high,medium,5,,,,
59d891a3-772c-4e36-bd0b-97edaf0eb75f,dissembler.football,available,26.98,36.98,medium,low,10,namecheap,,,08/09/2026 19:10
c95fdd25-a90b-43ac-bb7f-15367684e910,giver.football,available,26.98,36.98,high,low,5,namecheap,,,23/09/2026 10:44
c887cbf2-00fc-44f7-9447-3d68e7c071d6,bds.football,available,25.99,25.99,high,low,3,namesilo,,,30/09/2026 05:27
c414ae56-1a78-43a6-b358-2a0f1d4be59f,andrey.football,available,20.2,20.2,high,low,6,cloudflare,,,29/09/2026 15:52
89b3a922-d428-4d0b-a511-e254d4fe7a58,considered.football,available,26.98,36.98,high,low,10,namecheap,,,23/09/2026 20:51
98bea01d-010b-4d6c-bf43-d50c12bdf3a2,lxxxv.football,available,19.99,37.99,medium,low,5,name.com,,,
4d4e0216-7536-4886-8614-7e9bf6fd5eb0,woodsy.football,available,19.99,37.99,high,low,6,name.com,,,06/08/2026 13:04
e5cd150e-bf30-423f-ad5c-cb421add3864,allotted.football,available,19.99,37.99,high,low,8,name.com,,,
87bd1a39-1513-4eb1-be10-39e504391fff,gallantly.football,available,25.99,25.99,medium,low,9,namesilo,,,14/09/2026 06:45
6e91b940-d2e5-4cc8-a830-9a5627d3c432,avail.football,available,25.99,25.99,high,low,5,namesilo,,,21/09/2026 08:37
b187889b-c12f-4362-bf56-a55ca7c0f33f,weapon.football,available,25.99,25.99,high,low,6,namesilo,,,25/09/2026 10:57
ea4d6c61-d8f7-42b6-bd03-ba19ebaa9a22,backband.football,available,25.99,25.99,medium,low,8,namesilo,,,21/09/2026 14:57
d2150c3f-9393-436f-b59a-9f9c62472361,duplex.football,available,19.99,37.99,high,low,6,name.com,,,14/08/2026 21:23
9befe699-cd56-49af-8db0-8d42161be4eb,choosey.football,available,19.99,37.99,medium,low,7,name.com,,,12/08/2026 06:55
9252eda7-b520-434c-9dfc-7b7781a9479f,rigil.football,available,25.99,25.99,medium,low,5,namesilo,,,18/09/2026 13:35
28ef9347-9eec-4e3d-9cbd-06a0e8fe540b,lowbrow.football,available,19.99,37.99,medium,low,7,name.com,,,
c2cc45a7-aeb5-4624-b839-af79024b9653,becker.football,available,26.98,36.98,high,low,6,namecheap,,,29/09/2026 03:35
436be2fd-b044-4371-b983-448467b78e1c,baum.football,available,19.99,37.99,high,low,4,name.com,,,22/09/2026 16:38
7f77db23-e906-42b6-8302-60b8154965ef,paramedics.football,available,20.2,20.2,medium,low,10,cloudflare,,,30/09/2026 00:40
9d439048-548f-45e5-901c-dc79d7adda5f,should.football,available,20.9,20.9,high,low,6,spaceship,,,30/09/2026 23:35
2ee08482-6685-49a8-be70-8569d509f51d,screens.football,available,25.99,25.99,medium,low,7,namesilo,,,01/10/2026 17:23
e3a6b1e8-38b4-4f99-a038-4015c37db821,kennelly.football,available,25.99,25.99,medium,low,8,namesilo,,,16/09/2026 12:58
f79b7e6d-9c08-4e02-97f2-2835a05bc5db,courtship.football,available,20.9,20.9,high,low,9,spaceship,,,29/09/2026 18:31
cb88d5c1-6503-4975-94f4-761723f55393,auricular.football,available,19.99,37.99,medium,low,9,name.com,,,07/08/2026 17:46
b973f0df-e6e0-4b51-b587-3a2c4e328a4b,spurious.football,available,19.99,37.99,medium,low,8,name.com,,,09/08/2026 00:03
23ff98f5-3ea1-46be-9530-77506abac55b,chickpea.football,available,25.99,25.99,high,low,8,namesilo,,,24/09/2026 14:29
2a32da9c-2dbc-4478-81ae-5e64c21d7b2a,mair.football,available,20.9,20.9,medium,low,4,spaceship,,,01/10/2026 23:00
f9f01d8b-342f-4523-b1be-116a008e81a3,near.football,available,25.99,25.99,high,low,4,namesilo,,,23/09/2026 13:54
e7090de2-4b6c-4ac8-a753-26fe264a0de4,drafting.football,available,20.2,20.2,high,low,8,cloudflare,,,30/09/2026 09:23
689036f8-8ac1-484a-8bc2-e8babaf9c32f,specifically.football,available,25.99,25.99,high,low,12,namesilo,,,26/09/2026 00:54
42a6e0cc-cfdb-4239-b7e5-14028eb6fda8,gott.football,available,25.99,25.99,medium,low,4,namesilo,,,30/09/2026 04:43
d6630b10-4d52-4a08-946b-31a36854ecf2,slay.football,available,25.99,25.99,medium,low,4,namesilo,,,04/09/2026 00:55
bc1644c3-a9cd-47b6-81e0-97fef0783857,skag.football,available,25.99,25.99,medium,low,4,namesilo,,,23/09/2026 14:39
acaa5764-18f2-4895-80b7-8b1303c15261,dupe.football,available,19.99,37.99,high,low,4,name.com,,,12/08/2026 15:10
7592c009-d297-4ce1-bc83-3cc6187e3e21,neptune.football,available,25.99,25.99,high,low,7,namesilo,,,29/09/2026 01:43
79c2216d-0079-41b0-84a8-316f7a5ac9f4,mec.football,available,20.9,20.9,high,low,3,spaceship,,,01/10/2026 07:00
fcebfc69-0e40-41d5-9388-7b2ce2fa798d,outright.football,available,25.99,25.99,high,low,8,namesilo,,,04/09/2026 19:35
c5724120-9ba9-45a3-b5fa-ef6257ff5300,teachings.football,available,10.92,21.62,medium,low,9,dynadot,,,29/09/2026 23:08
83fdb9a8-ad2d-491a-9520-9c458ff97451,acinar.football,available,19.99,37.99,medium,low,6,name.com,,,
f510d1e1-b9ca-4349-a535-c1275f9e9403,forte.football,available,19.99,37.99,high,low,5,name.com,,,18/08/2026 12:23
fc190630-3e0e-40a3-bbfb-4553746f6425,tempra.football,available,26.98,36.98,medium,low,6,namecheap,,,16/09/2026 23:57
21f7c0e6-4e89-494e-9eda-d5434416b384,nylon.football,available,10.81,21.11,high,low,5,porkbun,,,30/09/2026 10:38
cfec7128-6bab-4847-b39a-b5502e8e7101,wad.football,available,19.99,37.99,high,low,3,name.com,,,25/08/2026 00:49
812d509c-a5d1-4c65-8781-7db5c9d3f154,appellate.football,available,19.99,37.99,medium,low,9,name.com,,,06/08/2026 06:18
84536b6f-c6d7-494c-9399-2ea69c10e5cd,antitank.football,available,19.99,37.99,medium,low,8,name.com,,,05/08/2026 19:44
1f27b56d-2e3e-40e7-bd01-223d5760d0a5,unify.football,available,25.99,25.99,high,medium,5,namesilo,,,22/09/2026 03:16
55424d7a-ddaf-4d8c-be8e-cc0c7a6f1f63,stripy.football,available,25.99,25.99,medium,low,6,namesilo,,,10/09/2026 22:46
adb9f9b2-3bc5-4b97-b59f-9985ba1bb9a4,hemisphere.football,available,20.2,20.2,high,low,10,cloudflare,,,29/09/2026 06:17
921b4098-a1fa-4c4b-bc49-d55476d5885c,wondering.football,available,20.2,20.2,high,low,9,cloudflare,,,28/09/2026 03:23
8adb09e8-62a8-40b8-a120-ee18e6ee097c,travel.football,premium,854,854,high,medium,6,namesilo,,,24/09/2026 22:30
7ada2960-d918-4b4a-98fe-6fa0d7e83a7c,hdl.football,available,25.99,25.99,high,low,3,namesilo,,,18/09/2026 13:33
e7bb14a6-7b7f-406e-bc69-d5e2ee4b6296,tripped.football,available,26.98,36.98,medium,low,7,namecheap,,,01/10/2026 00:50
b0200c4e-77fa-44da-a672-e2a3d0f2e7da,teens.football,available,20.9,20.9,high,low,5,spaceship,,,30/09/2026 13:01
7bfdd084-8360-4933-8423-6629b8b6c333,stone.football,available,26.98,36.98,high,low,5,namecheap,,,19/09/2026 11:54
09fa117f-7b56-45e3-87d1-e12a38cc3ea5,rigging.football,available,20.9,20.9,high,low,7,spaceship,,,30/09/2026 18:31
fc8f7018-f5d7-4534-8121-3ecefe82577e,mozambican.football,available,19.99,37.99,high,low,10,name.com,,,25/08/2026 09:16
1951c383-f46f-4705-8415-baaa00988e6e,bumper.football,available,25.99,25.99,high,low,6,namesilo,,,24/09/2026 11:09
1084ff0e-8576-4565-b0a9-d5390fa32c2f,mahayana.football,available,20.9,20.9,medium,low,8,spaceship,,,01/10/2026 02:57
33d298fb-bc24-4a94-b0a9-1146ff5b4c54,objects.football,available,19.99,,medium,low,7,name.com,,,
f97b9d30-29eb-46d7-b56d-f86e49187683,outburst.football,available,25.99,25.99,high,low,8,namesilo,,,30/09/2026 01:27
a57cfa37-74b7-4bb8-abb5-0a432b44ab84,felid.football,available,19.99,37.99,medium,low,5,name.com,,,18/08/2026 00:54
ddc5e945-8f58-4ae5-a922-6d66d514e730,harmed.football,available,25.99,25.99,medium,low,6,namesilo,,,29/09/2026 23:42
d0a39817-926d-4d8a-a1c6-09915cf29b5f,dartmouth.football,premium,118.8,118.8,medium,low,9,namesilo,,,25/09/2026 04:45
59df41d1-9064-44e4-9f36-1007c7861a08,leg.football,premium,34.36,34.36,high,low,3,spaceship,,,30/09/2026 02:45
91dd8cbd-8816-4bac-9463-d0527f192bad,diagnostics.football,available,20.2,20.2,high,low,11,cloudflare,,,02/10/2026 01:39
686ff6d0-c86e-46d2-98c9-6b90c6c90ca9,comprise.football,available,20.2,20.2,high,low,8,cloudflare,,,30/09/2026 17:37
a7169f9e-e427-4384-b0aa-25543fc6c46f,denys.football,available,20.9,20.9,medium,low,5,spaceship,,,01/10/2026 08:46
16057f2e-242e-4b7e-a215-f6fb05472187,nas.football,available,25.99,25.99,high,medium,3,namesilo,,,25/09/2026 13:48
69cbb019-1d0c-4ca7-9494-581c72c48ec6,barren.football,available,19.99,37.99,medium,low,6,name.com,,,08/08/2026 20:57
d526148d-7f22-44e1-b33f-6af1f31917cb,embodiment.football,available,25.99,25.99,high,low,10,namesilo,,,21/09/2026 08:48
8390587b-983f-4e53-9567-d915fc0ef1fd,pictorials.football,available,26.98,36.98,medium,low,10,namecheap,,,20/09/2026 12:53
c1e51301-c4a6-4a57-8442-cc1266db9506,costumed.football,available,19.99,37.99,medium,low,8,name.com,,,13/08/2026 03:18
eb0425d0-750c-4146-be68-682dbe664e0a,mistake.football,available,25.99,25.99,high,low,7,namesilo,,,25/09/2026 05:40
f5ce7b42-c423-4e00-85dd-6ec91110780c,dominoes.football,available,25.99,25.99,high,low,8,namesilo,,,24/09/2026 23:28
e7ef2b3b-e31c-4c48-85cf-dca67e1e058c,cafeteria.football,available,25.99,25.99,high,low,9,namesilo,,,24/09/2026 11:37
a6016acb-9dfe-406b-b8e0-fd53911dd2b4,characterized.football,available,20.9,20.9,low,low,13,spaceship,,,30/09/2026 23:27
deda8a76-3ced-4cd9-bca5-b614ad3b739b,contestant.football,available,19.99,37.99,medium,low,10,name.com,,,14/08/2026 12:45
2a3d5bdd-d2f8-434f-bc41-310ddf9001f8,gamba.football,available,25.99,25.99,medium,low,5,namesilo,,,22/09/2026 11:54
3c6af555-1fa1-4502-a903-d5e085913c68,rounded.football,available,25.99,25.99,high,low,7,namesilo,,,19/09/2026 15:40
b2b28209-85d7-49a9-a98a-e8ac23d2c42d,transparent.football,available,20.2,20.2,high,low,11,cloudflare,,,30/09/2026 23:31
f43ef9be-7d54-4bad-b8aa-a94f5915bab5,expansive.football,available,19.99,37.99,high,low,9,name.com,,,17/08/2026 18:00
c4b4eb48-b4dc-421f-af63-4f5c9e0c673a,pathogenic.football,available,19.99,37.99,medium,low,10,name.com,,,22/08/2026 04:17
2534b990-8494-4efe-ad27-964e4a67062a,starlight.football,available,25.99,25.99,high,medium,9,namesilo,,,30/09/2026 18:51
7dd71005-71da-4267-abe3-01fce017ef34,dactylic.football,available,19.99,37.99,medium,low,8,name.com,,,13/08/2026 15:27
e539578e-64b7-425e-914b-2380176d04e9,ebenezer.football,available,10.92,21.62,high,low,8,dynadot,,,30/09/2026 20:11
b4576130-d170-4964-abc2-40e2879ab593,exile.football,available,10.81,21.11,high,low,5,porkbun,,,28/09/2026 18:57
0f9b016a-c715-41bc-97c5-41493516affb,creativity.football,available,26.98,36.98,high,low,10,namecheap,,,24/09/2026 19:19
a1a36960-028e-49e4-ae69-1a1ebb2b2f15,tag.football,premium,118.8,118.8,high,medium,3,namesilo,,,24/09/2026 13:51
27d36c39-d378-40d6-b784-58b5573c40fa,investigative.football,available,25.99,25.99,medium,low,13,namesilo,,,29/09/2026 08:53
b12476fe-8d86-4a43-b64c-509d481f0c0f,berger.football,available,25.99,25.99,medium,low,6,namesilo,,,29/09/2026 04:23
012677cb-a338-46c4-b4c7-0a41d0bfedb2,heatable.football,available,19.99,37.99,medium,low,8,name.com,,,21/08/2026 02:15
6c526b5c-c13a-4d85-a0e3-d95127bb5e8d,arak.football,available,26.98,36.98,medium,low,4,namecheap,,,19/09/2026 23:47
a5aa1e5f-b540-41d9-bfab-902f099bddf9,alaskan.football,available,19.99,37.99,high,low,7,name.com,,,
d9f64ddd-dbf9-4379-8d9b-91022c11537c,ferries.football,available,25.99,25.99,medium,low,7,namesilo,,,20/09/2026 07:40
8acd6877-3819-4ad5-bdb2-6fdd54867df0,slapstick.football,available,25.99,25.99,high,low,9,namesilo,,,10/09/2026 10:03
63f66d23-5d25-4ce4-babf-6300167303c4,simulate.football,available,19.99,37.99,high,low,8,name.com,,,10/09/2026 05:47
e6a9b714-5086-4bc9-b7aa-04e1bb865fdc,sire.football,available,10.92,21.62,high,low,4,dynadot,,,28/09/2026 14:08
e2411ca7-3eab-4fe9-a9dc-d68392e387c9,churlish.football,available,19.99,37.99,medium,low,8,name.com,,,12/08/2026 07:49
9dcfdb0f-7e20-4d86-9599-df8a5430523b,mastercard.football,available,,,high,medium,10,,,,
81fa488f-1c9e-4266-88c2-1a1fb6e93e2d,hangdog.football,available,19.99,37.99,medium,low,7,name.com,,,20/08/2026 23:41
5012e07a-dc91-455f-902f-1d2331885b4c,conversations.football,available,20.2,20.2,medium,low,13,cloudflare,,,28/09/2026 08:58
bd9905a3-4496-4157-bb5b-004d1116da8c,unstable.football,available,19.99,37.99,high,low,8,name.com,,,18/08/2026 09:17
b0adc8a1-2f3b-490d-87a8-9e6162f08594,introductions.football,available,25.99,25.99,medium,low,13,namesilo,,,20/09/2026 22:09
5b3a787f-e34d-46b0-8eb8-6a5bc5bf5be6,doubted.football,available,20.9,20.9,low,low,7,spaceship,,,29/09/2026 16:14
10bf9356-50d8-4389-b4b6-ae96cd5e8d3e,landmark.football,available,20.9,20.9,high,low,8,spaceship,,,29/09/2026 13:16
ef35b8b3-608c-49ef-894b-4319b546f1b4,preserves.football,available,20.9,20.9,high,low,9,spaceship,,,30/09/2026 16:46
1599f30c-e859-45ed-98f2-36f783e27000,oncoming.football,available,25.99,25.99,medium,low,8,namesilo,,,04/09/2026 14:27
e2560cc9-dae9-49d3-b9f5-598630fb7ed9,delegate.football,available,26.98,36.98,high,low,8,namecheap,,,24/09/2026 21:30
b295d851-8dff-463b-a4c1-be7fc6651e13,amberjack.football,available,25.99,25.99,medium,low,9,namesilo,,,18/09/2026 16:35
5497e03e-ad21-4447-923d-877e720a4c03,tyler.football,available,25.99,25.99,high,medium,5,namesilo,,,25/09/2026 08:02
c9a04a51-bfbe-4df4-9847-e0cfd1f00384,billy.football,available,25.99,25.99,high,low,5,namesilo,,,23/09/2026 16:44
506d3284-6f63-4e81-a969-3d68fb3273d1,murdoch.football,available,20.2,20.2,medium,low,7,cloudflare,,,28/09/2026 01:45
d610537f-9e4d-481d-be40-f17fc4f47cf4,manual.football,available,25.99,25.99,high,low,6,namesilo,,,25/09/2026 16:42
c2d2eb5a-23ce-47d3-8ea0-30da16bf483a,stateless.football,available,19.99,37.99,medium,low,9,name.com,,,21/08/2026 11:01
f303cdde-7cea-4bcc-b9e4-89bb0cb06b32,mena.football,available,20.9,20.9,high,low,4,spaceship,,,29/09/2026 22:04
ee53ffc1-7ab2-4ce9-b7d6-a175e0e786e1,goldfish.football,available,25.99,25.99,high,low,8,namesilo,,,24/09/2026 12:44
7fdf4568-4fa1-477a-854b-6a62a0abc47b,woollen.football,available,25.99,25.99,high,low,7,namesilo,,,13/09/2026 13:15
f9a063fa-c1c2-4277-b3af-bb90d8ed068b,lefthanded.football,available,26.98,36.98,high,low,11,namecheap,,,30/09/2026 22:36
f414216f-b405-4020-aeb0-7c1ec2521571,silences.football,available,25.99,25.99,medium,low,8,namesilo,,,21/09/2026 10:16
04cc1d5c-bb73-438c-8e37-0b530df3b091,fractions.football,available,25.99,25.99,medium,low,9,namesilo,,,20/09/2026 01:27
333caeea-ba0f-44dc-ba5c-6ae3db8d23b1,thackeray.football,available,25.99,25.99,medium,low,9,namesilo,,,29/09/2026 14:03
06b42243-002f-4d87-b8f3-96c7db9e41c8,personalities.football,available,25.99,25.99,medium,low,13,namesilo,,,29/09/2026 00:05
f2ccb6b3-c2cb-4fc8-b36e-c935fc8c2e6f,plumbing.football,available,25.99,25.99,high,low,8,namesilo,,,22/09/2026 13:57
1c7b7b45-3ba0-4036-96e2-d0a922ca4a17,disasters.football,available,10.92,21.62,low,low,9,dynadot,,,29/09/2026 17:40
a0015304-8916-4d28-9a42-f55d09b16377,cumbria.football,available,20.2,20.2,medium,low,7,cloudflare,,,01/10/2026 01:39
b0163341-2658-47bb-bd68-7bc81ef7e22a,baritone.football,available,19.99,37.99,medium,low,8,name.com,,,08/08/2026 19:36
05847351-39cb-4711-bbac-1703ead0f3dd,preschool.football,available,25.99,25.99,high,low,9,namesilo,,,30/09/2026 14:27
bd4b11b8-7310-438a-a16b-9a777cfe77db,rabbits.football,available,25.99,25.99,medium,low,7,namesilo,,,28/09/2026 05:05
8f51dcf6-8e30-4c93-9565-c424953ebf4d,ferguson.football,available,26.98,36.98,high,low,8,namecheap,,,25/09/2026 17:55
bbaa61b5-ee2b-42e2-b8fb-c184fee864dc,compassionate.football,available,20.9,20.9,high,low,13,spaceship,,,29/09/2026 21:13
2a6af09b-f1ca-41f7-bd8d-98d96eb769e8,wilful.football,available,19.99,37.99,medium,low,6,name.com,,,18/08/2026 16:39
243b4dbb-2dd3-48c3-b3e9-1cef3ff82fdc,exposed.football,available,19.99,37.99,high,low,7,name.com,,,17/08/2026 18:37
48b6cedc-d2a3-4b5e-98d4-e10fe4348581,clog.football,available,25.99,25.99,high,low,4,namesilo,,,24/09/2026 15:50
8fdf2807-9c11-4358-be69-535db638fc10,vomiting.football,available,20.9,20.9,high,low,8,spaceship,,,29/09/2026 15:43
a3169859-2937-459f-8baa-c854d7248827,perished.football,available,20.9,20.9,low,low,8,spaceship,,,29/09/2026 23:59
9587b519-5f66-497a-b49e-55dd69fb6727,trackable.football,available,19.99,37.99,high,low,9,name.com,,,11/09/2026 18:37
17f5ba52-f191-4e3f-b0dd-e84688c6e8be,spaciously.football,available,25.99,25.99,medium,low,10,namesilo,,,16/09/2026 00:04
1b086215-4625-4c43-a697-1b470e6944b3,welding.football,available,26.98,36.98,high,low,7,namecheap,,,30/09/2026 11:19
2c2ec215-e669-41fe-961b-55b5714ff6ce,ric.football,available,25.99,25.99,medium,low,3,namesilo,,,28/09/2026 15:49
a174f0d1-136a-4e67-9d50-2ad847bed516,correlation.football,available,20.9,20.9,high,low,11,spaceship,,,30/09/2026 22:57
027082c9-1bb8-4d45-9345-e459919ce43c,whichever.football,available,25.99,25.99,medium,low,9,namesilo,,,01/10/2026 05:05
e5ef9f4b-f4d3-4630-8f89-cf940b36c670,thulium.football,available,26.98,36.98,medium,low,7,namecheap,,,20/09/2026 23:37
39e73d22-1a25-4c3f-9e70-11e3355cb98e,calendars.football,available,26.98,36.98,medium,low,9,namecheap,,,16/09/2026 19:52
409d4e6c-c4ed-44f4-b882-944e031ebe4c,grizzly.football,available,19.99,37.99,high,low,7,name.com,,,20/08/2026 19:16
139bd863-e8b9-49ba-8dae-36260b4833ad,horrid.football,available,19.99,37.99,medium,low,6,name.com,,,21/08/2026 08:14
fb248d87-d2cf-4343-a18e-96643b86be6c,lambent.football,available,19.99,37.99,medium,low,7,name.com,,,
7e0e86dc-71e8-4dec-87ca-2e70dc2174eb,starring.football,available,10.81,21.11,medium,low,8,porkbun,,,28/09/2026 22:41
86ee3264-b190-4a77-94f8-3cc612c08169,swimsuits.football,available,19.99,37.99,medium,low,9,name.com,,,18/09/2026 15:44
949b963a-824c-4a47-9480-070e7e35e711,arose.football,available,20.9,20.9,medium,low,5,spaceship,,,29/09/2026 22:55
197b6fe3-0559-4261-a6c5-72624cdd01eb,devoid.football,available,19.99,37.99,medium,low,6,name.com,,,14/08/2026 05:13
030c01b0-8de5-44a4-8c30-73abe25d7cea,board.football,resell,19.99,,high,low,5,name.com,,,28/09/2026 18:20
86799138-f79c-4543-bd10-2f710b0b4796,mex.football,available,25.99,25.99,high,low,3,namesilo,,,02/10/2026 00:18
76678b25-4dc1-45c4-b228-9d0dc3d313a3,impede.football,available,19.99,37.99,medium,low,6,name.com,,,21/08/2026 09:28
c8592637-a75f-433b-a741-b55d61d1e78a,lyrical.football,available,19.99,37.99,high,low,7,name.com,,,24/08/2026 12:41
3deaf458-7419-4d68-8c50-a94fa7279906,mckay.football,available,25.99,25.99,high,low,5,namesilo,,,25/09/2026 16:25
97258b9c-def4-4565-a51f-f62cde6d2f4f,lendable.football,available,19.99,37.99,medium,low,8,name.com,,,22/08/2026 23:35
d62c693f-815f-446f-82f2-d81464f2c580,uninviting.football,available,25.99,25.99,medium,low,10,namesilo,,,12/09/2026 13:39
33dfd2bc-1da1-4560-afed-1f65179795d0,lives.football,available,25.99,25.99,high,low,5,namesilo,,,18/09/2026 05:57
428ea655-cab5-43a0-8180-43aa36df7b63,kimberly.football,available,25.99,25.99,medium,low,8,namesilo,,,28/09/2026 08:56
89ac4556-26c0-4a3c-8d7f-0ef5dc514b68,plummy.football,available,25.99,25.99,medium,low,6,namesilo,,,08/09/2026 21:51
a7f9b5fc-78d6-452c-a4f1-eea2e00d42c0,honoring.football,available,25.99,25.99,high,low,8,namesilo,,,29/09/2026 13:04
7cf7cadc-ad88-441f-9766-e94bcecee8f9,impacted.football,available,19.99,37.99,medium,low,8,name.com,,,21/08/2026 21:36
b87d9994-c2a2-481e-9b37-1d3a5173b373,spenser.football,available,10.92,21.62,medium,low,7,dynadot,,,29/09/2026 12:09
fb7a24ca-2ca6-47d2-954e-45f362652b5a,henceforth.football,available,25.99,25.99,medium,low,10,namesilo,,,15/09/2026 00:15
f9dd3f9d-8021-47d4-b2d8-5315ba95b9c9,drippy.football,available,19.99,37.99,medium,low,6,name.com,,,09/08/2026 00:32
de9ab28f-bf4c-4c89-8e96-6d500fc23cc0,wailing.football,available,19.99,37.99,medium,low,7,name.com,,,22/08/2026 19:04
25ada047-f55a-4fe0-b058-a4806b126da3,drummer.football,available,20.2,20.2,medium,low,7,cloudflare,,,28/09/2026 09:32
2bb86820-1e6d-41db-a7e6-11d625943085,goosebumps.football,available,25.99,25.99,medium,low,10,namesilo,,,19/09/2026 00:04
774c9fb5-2dc1-4f01-92e8-fa5983a2b762,dealing.football,available,25.99,25.99,high,low,7,namesilo,,,25/09/2026 04:50
11e1fbf3-25fb-4f49-b2b8-92bde93a424c,echoing.football,available,20.2,20.2,high,low,7,cloudflare,,,30/09/2026 03:52
f2308da8-dabc-47f9-ae7a-b584d511faef,concert.football,available,20.9,20.9,high,low,7,spaceship,,,30/09/2026 13:35
ab2658b4-4ff8-4d6b-b815-5c5077618081,coherent.football,available,19.99,37.99,high,low,8,name.com,,,12/08/2026 16:00
28f66788-f3fb-4b18-bc95-74742356a342,felon.football,available,19.99,37.99,medium,low,5,name.com,,,13/08/2026 06:25
960bd90f-1220-4fd0-94f0-593aadc57a3d,thriller.football,available,20.2,20.2,high,low,8,cloudflare,,,29/09/2026 14:04
a173eeaa-84a5-445b-ae19-7b3cd25dbd7f,topping.football,available,25.99,25.99,high,low,7,namesilo,,,11/09/2026 17:36
7967b83b-7509-4079-9506-eafbebd20820,flexibility.football,available,20.9,20.9,high,low,11,spaceship,,,29/09/2026 16:16
b43ec676-1723-4e7d-9112-346f72875d74,everbody.football,available,25.99,25.99,medium,low,8,namesilo,,,02/10/2026 04:42
75a92284-b2cf-4ae3-ba75-943581359477,turgid.football,available,19.99,37.99,medium,low,6,name.com,,,10/08/2026 18:07
1063298d-165f-445f-8a46-5954db67782b,extradition.football,available,20.9,20.9,high,low,11,spaceship,,,01/10/2026 15:51
1e79ab27-2c13-46ef-8a74-664655c9121f,issuing.football,available,20.9,20.9,high,low,7,spaceship,,,30/09/2026 10:16
eb4f42fd-7e30-42dd-ab46-c70639d0c4fa,sagely.football,available,25.99,25.99,medium,low,6,namesilo,,,16/09/2026 00:31
eb164f23-2d5d-494b-b61a-03b74c712015,bottles.football,available,25.99,25.99,medium,low,7,namesilo,,,18/09/2026 04:05
cc607f20-4740-4c81-b840-b2b9bf4d9525,grayish.football,available,19.99,37.99,medium,low,7,name.com,,,20/08/2026 18:56
cf79f2e0-8cce-4d2a-90f7-534d518b63c0,uninvited.football,available,25.99,25.99,medium,low,9,namesilo,,,12/09/2026 13:33
4e064563-05a9-440d-bb4b-ec6cc67020de,witness.football,available,26.98,36.98,high,low,7,namecheap,,,21/09/2026 01:35
cfc8f318-b6ee-4570-a6da-24fb864d55a3,transports.football,available,25.99,25.99,medium,low,10,namesilo,,,20/09/2026 13:26
cff26d1c-4eb6-44a8-81ae-28d29e80bd4c,rewardful.football,available,25.99,25.99,medium,low,9,namesilo,,,09/09/2026 16:27
9f787d21-e854-4185-b990-f8a459c84ced,serum.football,available,25.99,25.99,high,low,5,namesilo,,,29/09/2026 06:06
bbf196d3-44e4-4c0d-af29-976c065f3508,backstop.football,available,25.99,25.99,high,low,8,namesilo,,,21/09/2026 16:06
e6cd8565-318e-4dc0-ba3c-158a6d195694,arpent.football,available,25.99,25.99,medium,low,6,namesilo,,,20/09/2026 08:38
d5bf6252-5fe4-41a1-b429-a3884ea27cec,lps.football,available,20.2,20.2,high,low,3,cloudflare,,,28/09/2026 11:44
f06b0d45-4f66-45f6-993b-17b41f6a6dcd,kirchner.football,available,25.99,25.99,medium,low,8,namesilo,,,30/09/2026 09:34
c2234050-3fcf-4ccb-b7dc-5db1e8ea311f,ankylosaur.football,available,25.99,25.99,medium,low,10,namesilo,,,19/09/2026 09:52
0f48fe2e-e1aa-4e65-a905-4b6d5bb5b0ff,yelled.football,available,10.92,21.62,high,low,6,dynadot,,,27/09/2026 21:26
05522907-6775-443c-868e-7dd1f5b1ba8a,breaker.football,available,25.99,25.99,high,low,7,namesilo,,,24/09/2026 08:24
bbfa95db-c103-4525-8cdc-e0dd47469007,empty.football,available,25.99,25.99,high,low,5,namesilo,,,24/09/2026 13:56
3e7916c1-c107-47f9-aa08-48efff81f487,quaintly.football,available,25.99,25.99,medium,low,8,namesilo,,,15/09/2026 22:07
9c188b79-b094-4e0e-8e3e-3382e736fdb5,plants.football,available,19.99,,high,low,6,name.com,,,
7b730fac-a66c-4b0d-b507-f32d7414b038,carolean.football,available,19.99,37.99,medium,low,8,name.com,,,11/08/2026 19:31
4344d4d6-a317-48a9-bce7-fa07a1c11df6,legato.football,available,19.99,37.99,high,low,6,name.com,,,22/08/2026 22:53
e9c3a315-4b50-4824-b76c-9c9604f38212,backlash.football,available,25.99,25.99,high,low,8,namesilo,,,21/09/2026 15:29
b1a06cf0-28d2-4a78-aa2e-105b61aedcc0,griffin.football,available,20.9,20.9,high,low,7,spaceship,,,29/09/2026 01:09
abdd04c8-40c0-4adc-9915-fb4aa9cb6e8f,apatite.football,available,26.98,36.98,medium,low,7,namecheap,,,19/09/2026 16:18
8592d357-3dbe-4810-a61f-5838fcf4d0ac,tis.football,available,25.99,25.99,high,low,3,namesilo,,,29/09/2026 23:40
d3dbd3a8-2a6d-40dd-a009-b11b0ccf66ab,payments.football,available,26.98,36.98,high,low,8,namecheap,,,18/09/2026 16:44
36272674-2de1-4e57-bcb1-ad9bcb6f0289,selfesteem.football,available,25.99,25.99,high,low,11,namesilo,,,30/09/2026 06:09
cdccf4b3-6c68-45f4-82cc-4f0bd8b42c35,rocklike.football,available,19.99,37.99,medium,low,8,name.com,,,20/08/2026 18:00
db597dd8-7d9d-426f-8c04-90e8b1a97636,apidae.football,available,25.99,25.99,medium,low,6,namesilo,,,19/09/2026 17:24
4dfad733-2e37-4f8e-8106-fff1034a6832,athelstan.football,available,26.98,36.98,medium,low,9,namecheap,,,20/09/2026 20:33
59fd48e7-b707-4c0c-b472-e41878bd2b16,disfigure.football,available,25.99,25.99,medium,low,9,namesilo,,,24/09/2026 05:36
0898ebcd-b52c-415b-923e-b73930ea25e5,speeding.football,available,25.99,25.99,high,low,8,namesilo,,,25/09/2026 06:47
1220aea7-7c49-4c42-ab0c-e275fcb49275,boehm.football,available,26.98,36.98,high,low,5,namecheap,,,23/09/2026 03:39
b3425ea6-bb12-42c7-ac26-701c4b41e17d,requirements.football,available,25.99,25.99,medium,low,12,namesilo,,,17/09/2026 10:26
d2d985f2-1045-42a3-ae1e-71cbcb6e6b30,symphony.football,available,26.98,36.98,high,low,8,namecheap,,,08/09/2026 18:51
aa3cf804-13d2-43c1-a12a-8dfd62930c66,grill.football,available,26.98,36.98,high,low,5,namecheap,,,28/09/2026 05:54
14d729df-a24a-4746-b239-2d3cc1084fab,bimonthly.football,available,19.99,37.99,high,low,9,name.com,,,09/08/2026 22:42
40f5834a-f316-4480-bbc1-326429405d1f,unevenly.football,available,19.99,37.99,medium,low,8,name.com,,,15/09/2026 22:30
3c1c970d-2662-44a3-95f3-987d68cf6a97,generic.football,available,25.99,25.99,high,low,7,namesilo,,,28/09/2026 07:54
c0352f48-d2c9-4d9f-abf6-294d67fb2573,conformist.football,available,19.99,37.99,medium,low,10,name.com,,,12/08/2026 21:13
9c0a2762-65e0-40c5-8684-a98bfff2d2fa,unclothed.football,available,25.99,25.99,medium,low,9,namesilo,,,12/09/2026 05:30
8df57d4e-3049-45f4-a788-410fdb61b891,downloaded.football,available,25.99,25.99,medium,low,10,namesilo,,,30/09/2026 23:49
42caa0fd-490f-4d8b-8cb8-64a565c17d24,yourself.football,available,25.99,25.99,high,low,8,namesilo,,,25/09/2026 12:53
779f6bcc-1c85-481a-b501-42fdea3c0277,idiot.football,available,20.9,20.9,high,low,5,spaceship,,,01/10/2026 03:03
5356932d-5b50-4e5a-8151-fb67c7aa8265,ablaze.football,available,19.99,37.99,high,low,6,name.com,,,
2fe580d3-e991-4990-a594-46b82830b4fd,wexford.football,available,26.98,36.98,medium,low,7,namecheap,,,28/09/2026 21:57
334e733b-58b5-4f94-b872-0f2cc254a5e7,mclaughlin.football,available,25.99,25.99,medium,low,10,namesilo,,,27/09/2026 01:56
d599b1fa-dd79-4f43-9c48-5b0f0a6988d8,saint.football,available,25.99,25.99,high,low,5,namesilo,,,25/09/2026 23:06
dc9b48e5-ac2b-4d26-8a0d-a6b95fa31490,pottery.football,available,25.99,25.99,high,low,7,namesilo,,,29/09/2026 06:22
624bf66e-6050-4094-83dc-41a257462aea,katz.football,available,25.99,25.99,high,low,4,namesilo,,,25/09/2026 15:43
870a7014-8957-4056-8b3b-2b49319004e0,arya.football,available,26.98,36.98,high,low,4,namecheap,,,01/10/2026 11:19
5490a72b-e4fb-4a3d-a9fe-d030082f042c,uncured.football,available,25.99,25.99,medium,low,7,namesilo,,,12/09/2026 06:39
d4c237b1-3d30-483c-bd02-864589a1c6f9,penitent.football,available,25.99,25.99,medium,low,8,namesilo,,,08/09/2026 14:30
979e4df4-4c5b-40a4-9efe-21de701e2d47,persuasion.football,available,25.99,25.99,high,low,10,namesilo,,,30/09/2026 02:24
dda82d53-1861-4bfc-985c-2703fa3c0cb4,discontent.football,available,19.99,37.99,medium,low,10,name.com,,,14/08/2026 09:59
f3f06efc-4ca3-4ede-897f-093171fbf9cc,basket.football,available,25.99,25.99,high,low,6,namesilo,,,29/09/2026 01:26
9c2cd7e3-94a9-4d15-a221-dc5ab5c5eec3,springy.football,available,19.99,37.99,high,low,7,name.com,,,10/08/2026 21:49
73668dac-6fdb-4264-baad-51513fbc82a0,transonic.football,available,25.99,25.99,medium,low,9,namesilo,,,10/09/2026 14:11
477fac70-8bd2-4d23-914a-6bf7cdb852c8,madonna.football,available,25.99,25.99,high,low,7,namesilo,,,24/09/2026 06:06
03020610-decf-4b20-acf3-ece44541fabb,brachial.football,available,19.99,37.99,medium,low,8,name.com,,,11/08/2026 00:19
09b6039f-08a3-4457-8ec5-f441dee2a512,finances.football,available,25.99,25.99,high,low,8,namesilo,,,29/09/2026 00:22
8b726456-0111-42b6-a386-443c66acff8d,tes.football,available,10.92,21.62,medium,low,3,dynadot,,,30/09/2026 14:57
052ce678-be86-42b3-9da0-f4c94d90a1d2,cos.football,available,26.98,36.98,high,medium,3,namecheap,,,24/09/2026 18:26
9b54b526-b1a4-43ed-9fa3-7995c9fc35dd,luxurious.football,available,19.99,37.99,high,low,9,name.com,,,14/08/2026 00:57
5c413d18-a1b4-4294-a46d-8245f1412b4c,slapped.football,available,20.2,20.2,low,low,7,cloudflare,,,29/09/2026 23:39
c2beb487-0482-40dd-98a0-a41edebf8538,quash.football,available,25.99,25.99,medium,low,5,namesilo,,,13/09/2026 06:42
75312629-08a3-4b91-843e-f987207d6626,aster.football,available,26.98,36.98,high,low,5,namecheap,,,20/09/2026 16:56
737f9e78-9139-4b3e-972a-fc6a0f1e58e2,sufficient.football,available,10.92,21.62,high,low,10,dynadot,,,28/09/2026 01:52
d1f2b2db-1f7e-4e57-b96a-141a06cd3fb3,nemo.football,available,10.92,21.62,high,low,4,dynadot,,,30/09/2026 21:32
e72174db-16c8-4ed5-af94-60398c3a15ad,colonization.football,available,20.9,20.9,medium,low,12,spaceship,,,02/10/2026 01:18
1450b89c-4c21-422a-92ee-f50a632df49e,song.football,available,20.9,20.9,high,low,4,spaceship,,,29/09/2026 02:49
0cefaaa7-6374-41e5-ad3b-a851de3e0101,impediment.football,available,19.99,37.99,medium,low,10,name.com,,,14/08/2026 04:53
50b72d19-c66e-4515-9ac2-49d728a4daa3,forego.football,available,19.99,37.99,high,low,6,name.com,,,18/08/2026 11:52
0892eaba-d51c-4c2a-b479-538f4623212d,exactly.football,available,25.99,25.99,high,low,7,namesilo,,,26/09/2026 00:15
f0094f85-879b-474c-bc15-923f59f15d7d,poem.football,available,25.99,25.99,high,low,4,namesilo,,,25/09/2026 09:59
a3b5b30a-98f2-442a-bf20-e77b81f04958,confetti.football,available,25.99,25.99,high,low,8,namesilo,,,29/09/2026 10:53
f55e4d1b-9205-4f60-956c-a998d175f8e6,filiform.football,available,19.99,37.99,medium,low,8,name.com,,,18/08/2026 04:04
87c9b11d-44c8-462e-9e29-1f1e0555a082,astounding.football,available,25.99,25.99,high,low,10,namesilo,,,22/09/2026 10:29
f243a1ca-8ed1-49e7-833c-d8ba1a625d46,before.football,available,25.99,25.99,high,low,6,namesilo,,,21/09/2026 23:34
fbd937f5-3b1c-49b1-837f-140963a4f9cb,appall.football,available,25.99,25.99,medium,low,6,namesilo,,,18/09/2026 01:55
1f31bab4-15f6-4e85-b944-024b30c2bb74,mackay.football,available,25.99,25.99,medium,low,6,namesilo,,,25/09/2026 16:20
b921c9e2-a27e-49ea-8070-b95460fa7edf,isothermal.football,available,19.99,37.99,medium,low,10,name.com,,,22/08/2026 11:22
081a22ef-a3e8-4861-ae0c-60a81bdaf867,cellini.football,available,25.99,25.99,medium,low,7,namesilo,,,23/09/2026 08:47
63abbc0e-e817-4f1d-adb8-85921a2b15f1,des.football,available,10.92,21.62,high,low,3,dynadot,,,29/09/2026 14:04
38e048f7-e93f-4b76-8a75-cc0ffd0f6b17,newhouse.football,available,25.99,25.99,high,low,8,namesilo,,,02/10/2026 01:30
a202494d-5dfd-4812-9b10-26d4f5113305,inventor.football,available,25.99,25.99,high,low,8,namesilo,,,20/09/2026 11:36
d060989c-e837-4b30-9da9-60f68478ac32,decedent.football,available,19.99,37.99,medium,low,8,name.com,,,13/08/2026 21:05
4101b4e4-c3a5-429f-a9be-9e3bfc4c1741,barmaid.football,available,25.99,25.99,high,low,7,namesilo,,,22/09/2026 06:36
34e04366-9b3c-4aad-83d3-b290633c0559,whispered.football,available,25.99,25.99,high,low,9,namesilo,,,13/09/2026 11:35
fa578e53-22b5-465e-a87d-4afd08485668,mancunian.football,available,19.99,37.99,high,low,9,name.com,,,24/08/2026 14:36
063ac05e-a8dd-4f7a-ae6a-c1c6e77a9eb0,concorde.football,available,25.99,25.99,high,low,8,namesilo,,,30/09/2026 06:42
a15d6615-2979-4d75-bc13-07b7f819aabc,addams.football,available,10.92,21.62,medium,low,6,dynadot,,,29/09/2026 23:22
657ffe90-f5d8-4340-99e4-34fbd6d4bffc,dissolving.football,available,25.99,25.99,high,low,10,namesilo,,,24/09/2026 23:08
70e9a047-9b57-47f1-b35a-d400597bd19f,scallops.football,available,25.99,25.99,medium,low,8,namesilo,,,19/09/2026 23:48
ff987452-3c40-4592-8c09-832d2609e98f,tragicomic.football,available,25.99,25.99,medium,low,10,namesilo,,,11/09/2026 18:46
63b90651-d619-4ad0-b33e-0063a4f5f9b7,ear.football,available,20.9,20.9,high,low,3,spaceship,,,29/09/2026 17:25
a1f34e7e-04e3-49fc-98e9-0abb6ade1ce2,replacements.football,available,26.98,36.98,medium,low,12,namecheap,,,29/09/2026 17:20
90a66001-f852-46da-89d0-e35352d8fd80,bowels.football,available,20.2,20.2,medium,low,6,cloudflare,,,01/10/2026 18:47
a7e6084e-a04c-412c-94ce-933712429cfc,stabilization.football,available,25.99,25.99,high,low,13,namesilo,,,17/09/2026 17:23
6b0c7e43-54dc-46ba-8090-3d3f46c822d0,pen.football,available,25.99,25.99,high,low,3,namesilo,,,27/09/2026 03:22
88e29fbb-a57d-4cdf-beb0-64e3c6b27ade,songster.football,available,26.98,36.98,medium,low,8,namecheap,,,21/09/2026 22:38
0cc4ec22-6adc-43fa-a9a0-81b3dbc2cb1c,pink.football,available,25.99,25.99,high,low,4,namesilo,,,27/09/2026 03:47
464e5ed6-d9e0-4648-9ff2-63b833551bb5,rosedale.football,available,20.9,20.9,high,low,8,spaceship,,,02/10/2026 01:06
5023f81f-7965-4602-8857-5a48ca8fc9d7,brandenburg.football,available,20.9,20.9,high,low,11,spaceship,,,27/09/2026 16:50
5fe5de16-0636-4d81-9af9-66256e1af44f,abenaki.football,available,19.99,37.99,medium,low,7,name.com,,,
e30dfd45-cb6c-40d8-ae33-2fddde1f346b,cents.football,available,26.98,36.98,medium,low,5,namecheap,,,18/09/2026 18:36
6a18aa47-d5c4-4478-b787-0f96badb485e,capsule.football,available,26.98,36.98,high,low,7,namecheap,,,01/10/2026 15:32
85d25c88-db40-4ee2-8259-f9b380d7cce3,misty.football,available,19.99,37.99,high,low,5,name.com,,,11/08/2026 06:51
167f9319-73c9-4698-80a3-2aedb4b90c53,blackcock.football,available,25.99,25.99,medium,low,9,namesilo,,,24/09/2026 00:30
56d992a0-e076-4ae0-bfcb-6a3be5f4d940,bureaucrat.football,available,26.98,36.98,high,low,10,namecheap,,,17/09/2026 08:44
6991ca2f-3ea3-4576-a73c-8e9f827240a3,fatso.football,available,19.99,37.99,medium,low,5,name.com,,,17/08/2026 23:54
a815fece-c49d-4d65-9831-af842dd9cf33,shenandoah.football,available,10.92,21.62,medium,low,10,dynadot,,,27/09/2026 21:14
01bbb818-bac7-40bd-bec1-9488d5c6ddcd,tangle.football,available,25.99,25.99,high,low,6,namesilo,,,25/09/2026 17:42
686b710c-7edc-476a-8376-b1fe14cbcd59,intuitive.football,available,20.9,20.9,high,low,9,spaceship,,,01/10/2026 15:52
61de606e-676c-49ec-b56a-53243a85fe91,ipa.football,available,25.99,25.99,high,low,3,namesilo,,,29/09/2026 09:21
f692a508-48ea-4012-8fd2-4702f1fbe713,indefinitely.football,available,10.81,21.11,medium,low,12,porkbun,,,28/09/2026 22:50
fea8ded6-1dcc-4df2-94bf-2929f1cf48ad,gracile.football,available,19.99,37.99,medium,low,7,name.com,,,20/08/2026 17:29
b60ee6f2-8dc9-4d59-8607-fbc7362e5f87,gardening.football,available,20.9,20.9,high,low,9,spaceship,,,28/09/2026 14:15
48e4f536-d5a6-4ece-934f-7beb565193c8,damn.football,available,25.99,25.99,high,low,4,namesilo,,,22/09/2026 00:35
50fa5bfe-3bd5-4570-8a23-43aff68eec96,brummagem.football,available,19.99,37.99,medium,low,9,name.com,,,11/08/2026 06:42
c8420f3a-6f26-4851-846d-571c5b52e0ee,princes.football,available,20.9,20.9,medium,low,7,spaceship,,,29/09/2026 10:59
1dbc8230-b716-4267-8c0e-ab407e34c077,ecuadorian.football,available,19.99,37.99,high,low,10,name.com,,,22/08/2026 01:40
b2d5ee5e-af60-4bc4-b52a-36fc0b4e6d93,chap.football,available,25.99,25.99,medium,low,4,namesilo,,,24/09/2026 06:13
b97cf8b0-d123-4173-ba69-4fd21c327633,stingy.football,available,19.99,37.99,medium,low,6,name.com,,,24/08/2026 18:08
0967bdf7-b9d2-4261-bbb1-fa6139bf728c,xci.football,available,19.99,37.99,medium,low,3,name.com,,,
ea5d0b46-41c5-4885-88e7-82b657133925,spaghetti.football,available,25.99,25.99,high,low,9,namesilo,,,28/09/2026 15:23
ee7fdff7-2490-4294-977a-f4bace97edbb,ahem.football,available,26.98,36.98,high,low,4,namecheap,,,17/09/2026 20:20
b50710cc-a603-4d44-884a-0fb55e5cd389,breads.football,available,25.99,25.99,medium,low,6,namesilo,,,18/09/2026 04:07
7a976962-f8ea-4a8c-977d-7fa3f722f5c4,boggy.football,available,19.99,37.99,medium,low,5,name.com,,,10/08/2026 17:01
8f715b52-8720-46e6-b6f8-61a5b5a59837,backslider.football,available,25.99,25.99,medium,low,10,namesilo,,,21/09/2026 15:58
2e015cbb-b5bb-4088-b6e1-8d3c58a10dd0,uniform.football,available,25.99,25.99,high,low,7,namesilo,,,19/09/2026 05:41
f3a85b0e-c63f-4fdc-9ef8-42d95edfdc7b,entirely.football,available,19.99,37.99,high,low,8,name.com,,,
975512ed-b8ff-4107-8328-9be554b88032,radios.football,available,25.99,25.99,medium,low,6,namesilo,,,18/09/2026 23:09
1c30f1b8-c6a9-44fc-8ffa-2b3f796c9c1f,infrared.football,available,25.99,25.99,high,low,9,namesilo,,,04/09/2026 07:52
d57ffe37-a5c3-41fd-bda2-df4112c4c804,secular.football,premium,123.75,123.75,medium,low,7,name.com,,,22/08/2026 18:49
da26e8cb-4d4b-4a9e-88c5-ddb5bcb76f85,foliated.football,available,25.99,25.99,medium,low,8,namesilo,,,08/09/2026 09:20
4d751461-fbf0-4d84-a3b0-fad4f78df97d,corfu.football,available,25.99,25.99,high,low,5,namesilo,,,30/09/2026 04:34
fbf6e1eb-2302-44bd-bf24-0f1bdcb7f10b,looker.football,available,19.99,37.99,high,low,6,name.com,,,22/08/2026 16:48
8198dd2f-5116-4794-9c7c-53c065283d9d,swell.football,available,19.99,37.99,high,low,5,name.com,,,08/08/2026 12:50
ddc6eecd-d714-438c-b9d5-66240b2dd1e0,weinberg.football,available,25.99,25.99,medium,low,8,namesilo,,,28/09/2026 10:58
7a648368-9328-49f7-adee-0364bf17691d,axenic.football,available,19.99,37.99,medium,low,6,name.com,,,08/08/2026 01:51
820cf59d-ede8-4739-9cd7-137dd6f3db46,airworthy.football,available,19.99,37.99,medium,low,9,name.com,,,
b5da518f-f44d-4fea-9362-b0e874edd72e,jenner.football,available,25.99,25.99,medium,low,6,namesilo,,,29/09/2026 00:45
f0b5542e-17bf-49ab-b885-27a46dca2e6d,winthrop.football,available,10.81,21.11,high,low,8,porkbun,,,27/09/2026 19:50
7d11818f-fa63-4f37-b5e3-e07e9c65da46,anklebone.football,available,25.99,25.99,medium,low,9,namesilo,,,19/09/2026 09:43
4e8a0461-210f-4ef2-9ec5-8c668565973b,passages.football,available,10.81,21.11,medium,low,8,porkbun,,,29/09/2026 16:50
c233df6c-213e-4371-b2b4-1d380da4064f,essence.football,available,20.9,20.9,high,low,7,spaceship,,,30/09/2026 16:02
b5d2717f-6ba0-4486-b709-32920dc01113,wrongful.football,available,20.9,20.9,medium,low,8,spaceship,,,28/09/2026 11:11
f98e42fe-7c89-4ced-bf92-48970117d870,technique.football,available,20.2,20.2,high,low,9,cloudflare,,,28/09/2026 08:09
c8596068-cb53-4067-9a22-caefa505f4dc,corporal.football,available,19.99,37.99,high,low,8,name.com,,,13/08/2026 01:52
89002e00-6f34-4949-9f44-17a59aeed505,zombies.football,available,25.99,25.99,medium,low,7,namesilo,,,18/09/2026 03:58
400b56f5-22c3-4add-a8d6-d74ee959a1ed,nectarous.football,available,19.99,37.99,medium,low,9,name.com,,,
8d0476bb-733a-4fc5-89e8-2bc7fca605c2,powys.football,available,10.92,21.62,medium,low,5,dynadot,,,01/10/2026 20:09
1efb8123-8923-4071-b5ac-86dbc48accf5,turned.football,available,20.2,20.2,medium,low,6,cloudflare,,,28/09/2026 09:34
d34ded8a-bd57-4a6c-ac11-a9be6e55c912,essays.football,available,10.92,21.62,medium,low,6,dynadot,,,30/09/2026 06:39
679b926d-0030-4563-8536-2b0a3bd7d7dc,recession.football,available,26.98,36.98,high,low,9,namecheap,,,27/09/2026 10:55
321df7e9-b13f-4511-9e6b-5241353af1b4,skiing.football,available,26.98,36.98,high,low,6,namecheap,,,28/09/2026 10:57
9ec96fcd-32c8-4c32-8eeb-cdb10646a6b4,infante.football,available,25.99,25.99,medium,low,7,namesilo,,,01/10/2026 06:11
7358693f-9a98-4bfb-b729-a6e312d937be,accentor.football,available,25.99,25.99,medium,low,8,namesilo,,,16/09/2026 21:58
5b872e4c-f6d5-48c5-a51e-1683eff93a98,univocal.football,available,25.99,25.99,medium,low,8,namesilo,,,12/09/2026 09:15
290b03fb-ade8-4aab-9b3f-fe8e26a6ca52,economically.football,available,20.9,20.9,medium,low,12,spaceship,,,01/10/2026 20:26
0fa4597d-382a-48fe-b119-97dd4a96f44b,agony.football,available,25.99,25.99,medium,low,5,namesilo,,,11/09/2026 01:10
7fb5cfed-cdbc-4e7e-8dfb-dc5801f73cdd,circulation.football,available,20.2,20.2,medium,low,11,cloudflare,,,28/09/2026 08:15
638846a4-79a8-4feb-8eb6-b49ebd99f28d,escobar.football,available,20.9,20.9,high,low,7,spaceship,,,29/09/2026 22:26
9e3fd224-a2aa-4a15-8f1d-dd4a2cb04709,uppsala.football,available,25.99,25.99,medium,low,7,namesilo,,,28/09/2026 11:02
d6745dba-fc62-410c-8b6c-175b506f899a,bsarch.football,available,25.99,25.99,medium,low,6,namesilo,,,21/09/2026 14:16
8cb4b9f3-5bcc-465d-a963-1bebde6aca95,admissions.football,available,20.2,20.2,medium,low,10,cloudflare,,,29/09/2026 11:17
7232ae52-d2f4-4280-868a-fac4caf65b95,asmera.football,available,25.99,25.99,medium,low,6,namesilo,,,20/09/2026 14:30
0782dcdd-1f41-41e9-b164-52502c855e50,waggish.football,available,19.99,37.99,medium,low,7,name.com,,,13/09/2026 07:38
b614ddd3-8b7a-480c-9dd9-2e24b2a3f39a,azimuth.football,available,26.98,36.98,high,low,7,namecheap,,,21/09/2026 10:54
9a91e5f1-060f-4ef0-9454-a2c439afddca,fateful.football,available,19.99,37.99,medium,low,7,name.com,,,11/08/2026 13:32
0bfd9cef-e582-410e-8cfb-f935bc1aa4cf,swing.football,available,20.9,20.9,high,low,5,spaceship,,,28/09/2026 02:11
8a5da54a-4006-4acd-9f3f-4b9a9cca0f71,allure.football,available,25.99,25.99,high,low,6,namesilo,,,18/09/2026 12:11
e2225652-3b52-4eba-8774-45e78145d560,brunch.football,available,25.99,25.99,high,low,6,namesilo,,,24/09/2026 10:54
a8a6f83a-452d-41a5-8853-0aeb1482e1f6,lxxxiv.football,available,19.99,37.99,medium,low,6,name.com,,,
12511417-f86f-4385-9179-d58be3bc283c,senatorial.football,available,25.99,25.99,medium,low,10,namesilo,,,10/09/2026 03:38
0a05b201-6b85-40d6-90a7-ac60bda63cdf,dreaded.football,available,19.99,37.99,medium,low,7,name.com,,,14/08/2026 08:53
be55e877-5db9-49a3-8255-5bc2212399b0,unpressed.football,available,25.99,25.99,low,low,9,namesilo,,,12/09/2026 17:24
fd5a1202-9676-4acd-ba53-e75a2ac822e4,bikini.football,available,25.99,25.99,high,low,6,namesilo,,,23/09/2026 15:38
92f726e1-45ec-4a11-838a-7e42f05816df,tawdry.football,available,19.99,37.99,medium,low,6,name.com,,,12/08/2026 03:29
fd55ab4a-48b2-424f-be6c-2f29fc6ff440,cpc.football,available,26.98,36.98,high,low,3,namecheap,,,28/09/2026 16:33
1f1834f9-bf4e-421f-b156-3837e263d118,trousers.football,available,19.99,,high,low,8,name.com,,,
6bd111a6-25a3-43d8-b457-08801c78f8a9,haywire.football,available,19.99,37.99,medium,low,7,name.com,,,
6a3eceb2-b8ef-4c56-a67f-49f74ada3de7,cemeteries.football,available,25.99,25.99,medium,low,10,namesilo,,,30/09/2026 14:40
b3477523-f775-410e-a578-332bff498ed5,mobs.football,available,26.98,36.98,medium,low,4,namecheap,,,18/09/2026 05:11
0d798a57-c686-4c07-85be-1270a17eeb8a,catenate.football,available,19.99,37.99,medium,low,8,name.com,,,11/08/2026 21:39
1739caf6-4320-4283-a9c6-405f526d75e3,bodacious.football,available,19.99,37.99,high,low,9,name.com,,,10/08/2026 16:42
077e51a7-df56-4120-8efc-b2b1a6af02c6,executable.football,available,19.99,37.99,high,low,10,name.com,,,17/08/2026 16:50
d6dab0f9-bc3c-4c18-8934-9fac250ddee2,postdoc.football,available,19.99,37.99,high,low,7,name.com,,,09/09/2026 00:19
86bd29e5-b6c3-4f0f-9279-47d6bb5f469b,abacus.football,available,25.99,25.99,high,low,6,namesilo,,,16/09/2026 13:45
235513cd-96e3-4d2f-b3e6-449b5d4e086a,debonair.football,available,19.99,37.99,high,low,8,name.com,,,12/08/2026 05:58
979af006-38aa-429c-a751-49e94338854f,newington.football,available,20.9,20.9,medium,low,9,spaceship,,,30/09/2026 14:04
c7f0c485-0811-4700-9c7d-906b24ed52a7,sdf.football,available,20.9,20.9,high,low,3,spaceship,,,01/10/2026 08:35
8d9db886-3ea7-48a3-bb33-4e9a332599f1,renovation.football,available,20.9,20.9,high,low,10,spaceship,,,30/09/2026 16:00
7054e137-d713-43cf-9c83-68fe1d20e89e,uncultured.football,available,25.99,25.99,medium,low,10,namesilo,,,12/09/2026 06:38
16cac679-c359-429e-9408-d5fd69e38211,copular.football,available,19.99,37.99,medium,low,7,name.com,,,13/08/2026 00:38
67d03202-91db-4e01-a265-acd460db2f17,maria.football,available,25.99,25.99,high,low,5,namesilo,,,24/09/2026 11:49
3ded9a69-95f7-45ba-b264-4b3c1b305581,attitude.football,available,25.99,25.99,high,low,8,namesilo,,,28/09/2026 23:06
6f94f21b-5f55-4481-a80d-30466df96ca9,page.football,available,25.99,25.99,high,medium,4,namesilo,,,30/09/2026 06:20
79de0074-718f-45a5-926a-900796c94d7d,annealing.football,available,25.99,25.99,high,low,9,namesilo,,,11/09/2026 10:58
7fdc6266-68da-44ec-b797-6fa32e23179b,oriented.football,available,25.99,25.99,high,low,8,namesilo,,,26/09/2026 00:29
761d5398-e83c-49f0-a540-eeb000f296c8,nova.football,available,25.99,25.99,high,medium,4,namesilo,,,29/09/2026 01:44
3f33814c-59fb-4ac6-9739-272fbffc9c0e,eas.football,available,20.9,20.9,high,low,3,spaceship,,,30/09/2026 09:27
7fe0d8fd-2a53-4c54-9318-f82ed8855cc7,abstemious.football,available,19.99,37.99,medium,low,10,name.com,,,
dbfbd7b9-36d5-4793-832b-d9df0e6341f2,hart.football,available,20.2,20.2,high,medium,4,cloudflare,,,01/10/2026 19:57
7a80e602-5175-4504-b57a-b8c5dc09826c,unhindered.football,available,25.99,25.99,medium,low,10,namesilo,,,12/09/2026 11:55
9f0f3f14-9505-4e92-abe4-789120c7cc1a,exceptions.football,available,26.98,36.98,low,low,10,namecheap,,,28/09/2026 23:04
a79cd27c-05b4-4979-ab15-91e0d054a619,acromion.football,available,25.99,25.99,medium,low,8,namesilo,,,17/09/2026 03:49
d443784a-9851-414b-ace7-c36f76edf5a2,methods.football,available,10.92,21.62,medium,low,7,dynadot,,,28/09/2026 04:33
a262d9ee-8581-4410-b27c-48ec15ac1e89,boarded.football,available,20.9,20.9,high,low,7,spaceship,,,01/10/2026 23:19
b554b6ca-be3e-45a3-98a2-4eb19ef4c627,makomako.football,available,25.99,25.99,medium,low,8,namesilo,,,20/09/2026 05:57
d35cf3ff-eb1f-4d14-aa45-e648ba9668e4,biggin.football,available,26.98,36.98,medium,low,6,namecheap,,,23/09/2026 15:08
77102325-3f41-4aec-a561-5517e9028e88,clinquant.football,available,19.99,37.99,medium,low,9,name.com,,,12/08/2026 11:08
a9fb284d-7198-47dd-a205-04d68a0689f5,spectacled.football,available,19.99,37.99,medium,low,10,name.com,,,09/08/2026 17:20
2e08026c-c608-4e84-97d6-32886c79a719,verses.football,available,10.81,21.11,medium,low,6,porkbun,,,30/09/2026 06:45
8fc24efb-2533-4271-813e-ca3eadd7fd8c,referred.football,available,25.99,25.99,medium,low,8,namesilo,,,17/09/2026 06:11
f3cf226c-2ea4-4229-a90e-b553bd70b702,keychains.football,available,25.99,25.99,medium,low,9,namesilo,,,21/09/2026 02:44
12d4c593-2d71-4a32-9bf2-30b8618d9ac3,windy.football,available,26.98,36.98,high,low,5,namecheap,,,22/09/2026 22:44
f184d4f1-4fb2-4699-a8e1-b5c2af26dfd5,acres.football,available,25.99,25.99,high,low,5,namesilo,,,17/09/2026 02:56
c809fa01-fca9-4cd1-9eea-82eca4d491d3,beauvoir.football,available,25.99,25.99,high,low,8,namesilo,,,22/09/2026 22:24
c059b8ea-95e6-4246-a2e0-1c310b679ff3,brightest.football,available,25.99,25.99,medium,low,9,namesilo,,,30/09/2026 06:56
1b301f79-0255-484e-a496-0df02829832a,geometric.football,available,19.99,37.99,high,low,9,name.com,,,18/08/2026 22:32
f7e62450-6d36-4459-80af-f8f8fecd4eaa,carved.football,available,19.99,37.99,high,low,6,name.com,,,11/08/2026 19:57
3d47a45a-8edd-41bc-ae6d-9d5a569f294f,daughter.football,available,25.99,25.99,high,low,8,namesilo,,,29/09/2026 13:15
ce3a2a64-b2d4-4238-928d-146eb29b4f10,gershwin.football,available,20.9,20.9,high,low,8,spaceship,,,30/09/2026 01:44
e8441b7e-cb05-4303-878f-8b20e6df5736,railing.football,available,20.9,20.9,high,low,7,spaceship,,,30/09/2026 02:38
0da09dbb-7071-4d93-8814-82af751dbeab,regally.football,available,25.99,25.99,medium,low,7,namesilo,,,15/09/2026 22:55
cdd605ec-d956-4f79-b961-b6b72cbfe6cc,reassuring.football,available,25.99,25.99,high,low,10,namesilo,,,09/09/2026 11:14
783fe939-9459-4891-aee0-442caa952eaf,bilingual.football,available,19.99,37.99,high,low,9,name.com,,,09/08/2026 21:21
4515924c-848c-429f-ba7c-b2a0661f03a3,jillion.football,available,26.98,36.98,medium,low,7,namecheap,,,11/09/2026 19:52
3802eb36-fc05-47f3-8fa1-9f244d5f06fd,kingdoms.football,available,26.98,36.98,medium,low,8,namecheap,,,30/09/2026 15:20
6c060d15-ec2f-4b3e-b82c-ce8e35c6aae5,downy.football,available,19.99,37.99,high,low,5,name.com,,,14/08/2026 17:40
bc2b4672-3e8d-412e-b342-4cf0f252230d,ein.football,available,25.99,25.99,high,low,3,namesilo,,,26/09/2026 03:08
7be7cf8f-1671-4dbb-aa1a-5da518e19202,nebula.football,available,10.81,21.11,high,medium,6,porkbun,,,30/09/2026 05:26
91c059c7-e589-4716-bdc0-8ed634cb92c7,yield.football,available,25.99,25.99,high,low,5,namesilo,,,30/09/2026 07:29
f07a2149-0a4d-44b3-9e25-336911166cea,reliably.football,available,25.99,25.99,high,low,8,namesilo,,,14/09/2026 11:46
9a4d56cd-7134-48f0-b2c3-dc5f2a177e7b,glibly.football,available,26.98,36.98,medium,low,6,namecheap,,,14/09/2026 21:34
69dae2f4-f883-4776-9aae-385437abba2f,folded.football,available,20.9,20.9,medium,low,6,spaceship,,,28/09/2026 16:55
9b7176a1-c544-47e1-8461-3068f7276fe8,inez.football,available,20.9,20.9,medium,low,4,spaceship,,,30/09/2026 05:00
d5b3b807-2885-4ab2-a726-2d90154490b2,sussex.football,available,25.99,25.99,high,low,6,namesilo,,,01/10/2026 21:54
914b6a20-d874-4dfb-9e2a-bfe7b558bd30,partitioning.football,available,20.9,20.9,high,low,12,spaceship,,,29/09/2026 09:00
e3b067be-5f6d-4d4a-8f8a-766222a754cd,garfish.football,available,25.99,25.99,medium,low,7,namesilo,,,23/09/2026 16:11
8f4defbb-fead-4299-ae1d-4804ec4ec1e1,stag.football,available,20.9,20.9,high,low,4,spaceship,,,30/09/2026 18:38
3ca5a56d-7058-43ac-83ef-e4071df986ae,imperative.football,available,25.99,25.99,high,low,10,namesilo,,,08/09/2026 04:44
15355730-3e21-4210-809c-ed314f6bc99f,europium.football,available,25.99,25.99,medium,low,8,namesilo,,,20/09/2026 23:26
5ec35dfb-da42-42a8-ac92-fcd81f1ee26b,inky.football,available,19.99,37.99,high,low,4,name.com,,,22/08/2026 05:42
ce51caa3-18f4-4e69-9e03-8f508d7063e1,exhusband.football,available,19.99,37.99,medium,low,10,name.com,,,17/08/2026 15:21
5e5537de-02ab-437d-8fe2-92a44a652e40,indelibly.football,available,25.99,25.99,medium,low,9,namesilo,,,15/09/2026 07:53
2bcfe5dd-3cfc-4dbd-a81c-2d8f7c60cf1d,watermelon.football,available,25.99,25.99,high,low,10,namesilo,,,29/09/2026 09:31
abefac29-f0ee-443d-925e-588bef6c6e79,ranch.football,available,26.98,36.98,high,low,5,namecheap,,,25/09/2026 22:09
79ff44b1-1715-44e7-b9f3-e058bd12747c,modelling.football,available,20.9,20.9,high,low,9,spaceship,,,30/09/2026 04:48
9efd558b-6042-4d98-8e45-7b8583ad5dbd,coast.football,available,25.99,25.99,high,low,5,namesilo,,,29/09/2026 10:10
d672416c-829a-4ff0-a89c-77bdc14fe548,heartthrob.football,available,10.81,21.11,high,low,10,porkbun,,,29/09/2026 22:26
4e1dbdb6-1e88-4c52-9064-53c11db3428c,saginaw.football,available,20.9,20.9,medium,low,7,spaceship,,,28/09/2026 03:02
6e44813d-f763-4c91-900c-411fc8cdba73,traditionally.football,available,26.98,36.98,medium,low,13,namecheap,,,29/09/2026 20:59
abbcabc4-5b26-4450-bb6f-af28257d43c3,aglaia.football,available,26.98,36.98,medium,low,6,namecheap,,,17/09/2026 18:17
a4b5bac2-5efc-4170-8798-39472a966f45,shaky.football,available,20.9,20.9,medium,low,5,spaceship,,,27/09/2026 14:56
1a8ba98f-4370-4a31-8cfa-80846f3bf4fd,connective.football,available,19.99,37.99,high,low,10,name.com,,,12/08/2026 22:16
09bd6266-9e0b-499a-af7f-cea75f5ccd2d,contender.football,available,25.99,25.99,high,low,9,namesilo,,,30/09/2026 16:39
b1580ef0-7331-4310-a784-f3c8d86a8e51,horse.football,available,26.98,36.98,high,low,5,namecheap,,,01/10/2026 18:22
e4c66a21-b18b-4ac6-8370-0e3ad073b46f,aptly.football,available,25.99,25.99,medium,low,5,namesilo,,,13/09/2026 16:19
ac5aca97-3685-4bcf-a41c-d23b65c2d0f7,indigo.football,available,19.99,37.99,high,low,6,name.com,,,22/08/2026 03:01
a7a74521-5351-4956-a715-e8a89fc6b3c2,tendencies.football,available,20.9,20.9,medium,low,10,spaceship,,,29/09/2026 17:02
fc8d32b3-75ce-4ca0-84e4-f586a33ddc84,satisfy.football,available,20.9,20.9,high,low,7,spaceship,,,30/09/2026 20:05
5249eb5d-ea1c-4acf-a017-ab553f8b77e4,pike.football,available,26.98,36.98,high,low,4,namecheap,,,28/09/2026 14:07
30d6bd3d-8224-46f4-8e7f-1875d16f75e6,marston.football,available,20.9,20.9,medium,low,7,spaceship,,,28/09/2026 16:09
e932e7e2-ab1e-44ea-ba12-6429c813e233,separable.football,available,19.99,37.99,medium,low,9,name.com,,,14/08/2026 12:50
ad6a3aaf-9eb3-420e-a6df-7aead4f4ab93,held.football,available,19.99,37.99,high,low,4,name.com,,,21/08/2026 06:19
f02e6eb2-d9b2-455c-9a81-847b7ca11dff,usher.football,available,20.9,20.9,high,low,5,spaceship,,,29/09/2026 00:41
1ac88fa8-df60-4d44-8d4b-b3c0d6fd1491,subjects.football,available,19.99,,medium,low,8,name.com,,,
7a99bc8c-55fc-47c1-9003-83cf19dcc4f3,ardea.football,available,25.99,25.99,medium,low,5,namesilo,,,20/09/2026 03:04
11d62e22-c0be-4d0c-839f-15003b4caf58,causes.football,available,25.99,25.99,medium,low,6,namesilo,,,27/09/2026 09:34
48dc031d-ed8a-4081-8584-9e99a81e831e,broad.football,available,26.98,36.98,high,low,5,namecheap,,,19/09/2026 06:03
9f29d3f0-6094-4699-85f2-db8cb0d8e37c,lenin.football,available,20.9,20.9,high,low,5,spaceship,,,30/09/2026 17:54
cc387179-a176-4ac8-a213-74c64c2ee343,moor.football,available,25.99,25.99,high,low,4,namesilo,,,01/10/2026 03:02
89160a33-495a-4aac-a4a7-bb3f4735b866,cadastral.football,available,19.99,37.99,medium,low,9,name.com,,,11/08/2026 12:39
6181fae7-cedc-40ef-8532-b1f2de12225c,woolf.football,available,25.99,25.99,medium,low,5,namesilo,,,17/09/2026 07:19
5a7a6966-e48e-494d-8a40-a73e6a562b70,asterism.football,available,25.99,25.99,medium,low,8,namesilo,,,20/09/2026 17:12
822c3c5a-a132-4aa9-b0d1-c6b7df9e091b,polygons.football,available,20.9,20.9,medium,low,8,spaceship,,,29/09/2026 17:57
3923eefd-7d6b-460d-adb3-7518addd98c0,blaster.football,available,25.99,25.99,high,low,7,namesilo,,,24/09/2026 04:22
86861c3a-5e7a-4f11-a92c-c5524f0c04d4,earl.football,premium,1040,1040,high,low,4,namecheap,,,28/09/2026 05:33
b7fae72e-4196-4f9d-b13e-d0098c36c69d,anuran.football,available,19.99,37.99,medium,low,6,name.com,,,05/08/2026 20:48
54704e6f-4bdf-4f6b-ba43-9e4546d9f3bf,underfoot.football,available,26.98,36.98,medium,low,9,namecheap,,,16/09/2026 09:56
997e23d7-6d82-45df-b8ef-6c708fdcb0f3,burbling.football,available,19.99,37.99,medium,low,8,name.com,,,11/08/2026 10:10
6aa44380-a55c-482e-86f3-95b97c56ca1f,proscribed.football,available,19.99,37.99,medium,low,10,name.com,,,18/08/2026 11:01
58ab3e1a-3d89-481e-9400-6c692e21a460,napkin.football,available,25.99,25.99,high,low,6,namesilo,,,28/09/2026 08:00
186800ea-6de6-48ed-b71a-ab8b8401ed6e,boggs.football,available,20.2,20.2,medium,low,5,cloudflare,,,29/09/2026 04:30
38d292a3-61e0-473e-9502-0b0d2cf07307,decline.football,available,20.9,20.9,medium,low,7,spaceship,,,28/09/2026 13:52
2907f34f-d24b-4651-ae78-e4f9ce471d2e,conan.football,available,20.9,20.9,medium,low,5,spaceship,,,28/09/2026 07:59
27a79220-97e4-4277-ab7a-4a6381a5a1c5,heck.football,available,25.99,25.99,high,low,4,namesilo,,,01/10/2026 01:34
235fbc67-c467-45ff-8f8b-1a791caaa978,diverting.football,available,19.99,37.99,medium,low,9,name.com,,,
9457fb55-8ae2-41f2-8b77-4019bed7e0e6,avi.football,available,25.99,25.99,high,low,3,namesilo,,,30/09/2026 04:12
3571329f-5d30-48f0-8e40-1d7399472a4d,turnabout.football,available,19.99,,medium,low,10,name.com,,,
9961fb96-80c5-432f-ad75-10742bd720ae,ishmael.football,available,26.98,36.98,high,low,7,namecheap,,,04/09/2026 19:10
67244c4b-aed0-4b67-999a-750f41582b1c,memorial.football,available,20.2,20.2,high,low,8,cloudflare,,,27/09/2026 14:53
550466f9-82fd-49ec-8f29-01ed07e429d8,time.football,premium,1040,1040,high,medium,4,namecheap,,,01/10/2026 20:18
2e53b0a9-90f0-42c1-9597-4d140baec496,fabian.football,available,19.99,37.99,high,low,6,name.com,,,17/08/2026 20:10
583be3b3-e250-4c9a-93b1-9a297658f579,inr.football,available,26.98,36.98,high,low,3,namecheap,,,02/10/2026 04:11
90fe4c63-09ec-46f6-b12f-1b4d2b7d80e9,bakeshop.football,available,26.98,36.98,high,low,8,namecheap,,,21/09/2026 20:10
ab010dda-9017-4902-b997-71845f62212e,buckshot.football,available,26.98,36.98,high,low,8,namecheap,,,23/09/2026 20:24
1d271623-e8a0-4945-8f0e-0d163a193037,fears.football,available,25.99,25.99,medium,low,5,namesilo,,,27/09/2026 08:58
ea1db73c-7135-4631-8efd-85f1452f3487,anonymously.football,available,20.9,20.9,medium,low,11,spaceship,,,02/10/2026 01:41
2f0b9dda-1aa2-4638-9267-4c60921af8e8,techno.football,available,20.9,20.9,high,low,6,spaceship,,,30/09/2026 12:53
051bb21b-c9c6-4fc0-974f-716b82514b0b,flier.football,available,19.99,37.99,high,low,5,name.com,,,11/08/2026 05:10
df53a627-6cb4-4823-b21c-bdbdfbbc9f3d,rocked.football,available,20.9,20.9,medium,low,6,spaceship,,,30/09/2026 23:58
fdcaf1c3-7fbf-435a-8193-8542e3a33f0e,wiggins.football,available,25.99,25.99,high,low,7,namesilo,,,28/09/2026 16:37
a380996c-f525-4d7a-bd38-c60773667074,flavour.football,available,20.9,20.9,high,low,7,spaceship,,,01/10/2026 19:33
5f6c1eb7-f5cd-4fbb-921b-5bd8073fc523,began.football,available,19.99,,medium,low,5,name.com,,,
39339f1d-3dc4-47a0-8e43-69f1bcbdf2b1,convenient.football,available,19.99,37.99,high,low,10,name.com,,,23/09/2026 15:48
667785f1-f56c-41c3-8c6c-373888a17ccd,flemish.football,available,19.99,37.99,high,low,7,name.com,,,18/08/2026 07:56
405d61c8-9432-4357-b128-8611f3c11e45,rotc.football,available,25.99,25.99,medium,low,4,namesilo,,,29/09/2026 02:02
5c3cd65b-55b0-4bb3-bfb1-464c259b43e1,decks.football,available,20.9,20.9,medium,low,5,spaceship,,,29/09/2026 05:44
277753d8-d8f6-4836-802a-6d44a2f50754,annexa.football,available,25.99,25.99,medium,low,6,namesilo,,,17/09/2026 09:06
e8dd607f-e77b-414d-9684-8c064c0bbf86,unsugared.football,available,25.99,25.99,low,low,9,namesilo,,,12/09/2026 20:48
66592ba9-3bf1-423d-af91-0d455b61ef97,spirited.football,available,25.99,25.99,high,low,8,namesilo,,,27/09/2026 03:25
46bdf9ea-ebe8-43e4-9ea4-72d03151be54,dilatory.football,available,19.99,37.99,medium,low,8,name.com,,,14/08/2026 07:31
a2c0b370-76b4-4895-b9d4-d512483b6e78,heater.football,available,20.9,20.9,high,low,6,spaceship,,,29/09/2026 12:14
acf11bcc-e39d-42bc-9e23-1e51f23fcc2a,bagasse.football,available,26.98,36.98,medium,low,7,namecheap,,,21/09/2026 17:47
56519e98-e8e1-440c-807f-a16c46b60e5c,chattanooga.football,available,20.9,20.9,high,low,11,spaceship,,,30/09/2026 21:04
d98b0c6e-39d9-403c-a0c9-4e3bc12d522b,theatrical.football,available,25.99,25.99,high,low,10,namesilo,,,11/09/2026 12:33
616c342b-b060-4582-b280-1ac6b829706d,disparate.football,available,19.99,37.99,medium,low,9,name.com,,,14/08/2026 11:52
66d26fbf-5ae6-4e91-a1f3-3241ed5d161e,elector.football,available,10.92,21.62,medium,low,7,dynadot,,,28/09/2026 19:03
6670456a-b30e-431f-adff-8157ebaefd32,apricot.football,available,25.99,25.99,high,low,7,namesilo,,,19/09/2026 22:31
6a092019-8c7f-4ffb-9d44-7e37b43f4ee0,olaf.football,available,20.9,20.9,medium,low,4,spaceship,,,28/09/2026 07:48
d075442c-530d-4d01-a47b-46d8ea23022c,camomile.football,available,25.99,25.99,medium,low,8,namesilo,,,19/09/2026 13:02
d481626c-3fa1-4576-8762-8386f6917eff,hassle.football,available,19.99,37.99,high,low,6,name.com,,,27/09/2026 16:35
a5b874d1-a314-4532-b922-e3e2dde05fd0,middling.football,available,19.99,37.99,medium,low,8,name.com,,,22/08/2026 13:46
34aac81e-a62e-4570-915d-0e98fcf8c106,spirits.football,available,20.9,20.9,high,low,7,spaceship,,,29/09/2026 03:40
9d823328-3ee0-42ec-ac46-a73eec883a07,killian.football,available,25.99,25.99,medium,low,7,namesilo,,,02/10/2026 00:13
ca4c6065-e8d4-49de-ba41-cbc89b1199b4,recognize.football,available,26.98,36.98,high,low,9,namecheap,,,27/09/2026 02:43
c5cb1df9-86e1-4860-928a-45bc1b53c5b2,perez.football,available,25.99,25.99,high,low,5,namesilo,,,25/09/2026 15:41
669c73d7-7216-4b92-814d-542b1d968c21,drones.football,available,26.98,36.98,medium,low,6,namecheap,,,01/10/2026 17:53
40f2ffb0-345f-4176-a57c-2e99d2c62954,old.football,premium,118.8,118.8,high,low,3,namesilo,,,24/09/2026 15:09
21fe42df-fe81-414b-82c1-a2f308f09953,hastings.football,available,26.98,36.98,high,low,8,namecheap,,,22/09/2026 15:09
a3c0f07a-1323-4416-b49f-ac2bbc577ae1,longlasting.football,available,19.99,,high,low,12,name.com,,,
e08aa2f8-aa2f-49b5-9a7c-d61bb06dcd96,html.football,available,25.99,25.99,high,low,4,namesilo,,,29/09/2026 23:08
3c7f2a53-6d47-43bb-b3d5-5e00541ff0d9,biogenetic.football,available,19.99,37.99,medium,low,10,name.com,,,10/08/2026 01:12
6abf432b-babe-4ae3-9828-7d5ce68355b5,landings.football,available,25.99,25.99,medium,low,8,namesilo,,,30/09/2026 00:42
2cf16f58-a8e7-4b05-96bd-1c2164789bb1,espresso.football,available,20.9,20.9,high,low,8,spaceship,,,02/10/2026 04:44
e4295240-b641-41a5-978b-c98e0b5b0202,fungible.football,available,19.99,37.99,medium,low,8,name.com,,,18/08/2026 18:32
6b539939-8f8d-4453-ad81-1a037cff53db,recruiting.football,premium,102.67,102.67,high,low,10,spaceship,,,28/09/2026 21:30
5ad56c98-8bd1-41d1-a328-1cd3b57f7b71,glossy.football,available,19.99,37.99,high,low,6,name.com,,,11/08/2026 14:10
9d0fe778-9217-4317-a698-e0f6b7f370ab,ust.football,available,20.9,20.9,high,low,3,spaceship,,,30/09/2026 04:28
78852d25-6468-4966-997a-431ff550b825,participated.football,available,20.2,20.2,medium,low,12,cloudflare,,,29/09/2026 23:55
483c95a8-29fc-476b-b195-54717ff3bc99,discounter.football,available,25.99,25.99,high,low,10,namesilo,,,28/09/2026 02:50
2075fcef-5238-4e67-9837-8206498ae587,dumping.football,available,26.98,36.98,medium,low,7,namecheap,,,28/09/2026 13:56
e17c30cd-e8f3-42ba-b18d-155b561400e8,homeward.football,available,19.99,37.99,high,low,8,name.com,,,21/08/2026 11:22
0abd4d36-69c5-4f47-a417-9120993862f3,throws.football,available,26.98,36.98,high,low,6,namecheap,,,19/09/2026 00:51
8d11a664-003a-4366-98d5-db529f91a569,laurent.football,available,25.99,25.99,medium,low,7,namesilo,,,27/09/2026 09:55
91305ac1-1d79-4b24-9979-2fa5b4e4042d,girth.football,available,20.2,20.2,high,low,5,cloudflare,,,29/09/2026 09:10
d50d9319-c9ee-4efd-84c4-67165b0cf6e3,coles.football,available,20.9,20.9,medium,low,5,spaceship,,,02/10/2026 01:35
d928f409-731b-4ca6-a173-fc2dcf660ab3,foxily.football,available,25.99,25.99,medium,low,6,namesilo,,,14/09/2026 09:04
2245473c-d3b7-4c5e-9ff3-ab688ae80a1e,dias.football,available,25.99,25.99,high,low,4,namesilo,,,22/09/2026 09:17
b3707585-7f87-4a7f-adeb-a0d54cd0b3c7,grazing.football,available,20.9,20.9,medium,low,7,spaceship,,,29/09/2026 01:08
30585d5e-2540-41fc-ab46-597cf944ab71,escalator.football,available,20.2,20.2,high,low,9,cloudflare,,,02/10/2026 04:44
5a9919f6-e522-42ca-bb6a-b668e884138a,shucks.football,available,19.99,37.99,medium,low,6,name.com,,,13/08/2026 16:16
933cafab-118d-4825-a7e6-15d99fc23d16,successes.football,available,19.99,,medium,low,9,name.com,,,
6e01b80e-1370-43b9-9de2-0a6afc49cb8a,badgering.football,available,25.99,25.99,medium,low,9,namesilo,,,13/09/2026 13:19
7d56bcef-932e-4e0b-bba0-91d94f6117aa,irrational.football,available,25.99,25.99,high,low,10,namesilo,,,25/09/2026 11:23
0ffff0b1-4899-4432-b0a6-1565208f545b,biotype.football,available,26.98,36.98,medium,low,7,namecheap,,,23/09/2026 19:14
5c774bb0-3891-478e-a929-2dadef514855,baku.football,available,26.98,36.98,high,low,4,namecheap,,,21/09/2026 20:24
6030c647-e999-4189-812a-a4a2e145b6ba,lxxx.football,available,19.99,37.99,medium,low,4,name.com,,,
9c00c616-ae66-4874-91de-be3d30b6a064,losses.football,available,20.9,20.9,medium,low,6,spaceship,,,28/09/2026 10:16
912a393b-ad6d-453c-ae84-3d06ff5cbb39,alee.football,available,25.99,25.99,low,low,4,namesilo,,,13/09/2026 18:38
94642749-dc5a-41de-846c-b44cbe884767,dilute.football,available,19.99,37.99,high,low,6,name.com,,,
0c2bed4c-1d41-4925-8b00-d7938a83e373,sadly.football,available,25.99,25.99,medium,low,5,namesilo,,,14/09/2026 11:52
c99e8a2a-93c0-4d9c-b88d-20e00db92d1b,faintly.football,available,25.99,25.99,medium,low,7,namesilo,,,14/09/2026 17:33
1fe1db1c-c985-4db7-9f68-5e1ac16e2bec,pyramids.football,available,20.2,20.2,high,low,8,cloudflare,,,30/09/2026 06:41
a38fd4b6-7dfb-4cae-a830-da4a660afa79,happening.football,available,25.99,25.99,high,low,9,namesilo,,,25/09/2026 23:54
1f11c281-0ee9-4e68-baaf-050923a3a2a1,sing.football,available,25.99,25.99,high,low,4,namesilo,,,30/09/2026 06:34
bbbf94d7-fa09-4075-bbf5-fcb338ae8d82,stockpile.football,available,26.98,36.98,high,low,9,namecheap,,,10/09/2026 20:52
ca60acda-c6b7-4412-acd7-abd6ad0a8a0f,manuals.football,available,25.99,25.99,medium,low,7,namesilo,,,20/09/2026 09:33
2f7a956e-a586-483b-9923-06184f67b44c,bari.football,premium,1040,1040,high,low,4,namecheap,,,22/09/2026 05:51
2ec5fefc-748b-4d95-a112-f2a7e5161ed7,daddy.football,available,26.98,36.98,high,low,5,namecheap,,,27/09/2026 04:35
a8b9a522-d9da-4847-9e7e-8af9a6362187,eudaemonia.football,available,25.99,25.99,high,low,10,namesilo,,,12/09/2026 22:59
5ee0472d-4588-431d-b2cc-8f915c5a9ad3,inhibition.football,available,25.99,25.99,high,low,10,namesilo,,,01/10/2026 02:41
f3195398-7ac2-4809-8a8a-7823cc015dd2,bern.football,available,20.9,20.9,high,low,4,spaceship,,,29/09/2026 02:12
e4a4a59d-71df-46dc-ad89-4663ca96cf25,hormone.football,available,19.99,37.99,high,low,7,name.com,,,17/08/2026 01:04